kidney cancer,same,cancers,https://scinapse.io/papers/2105354078,3
kidney cancer,vitamin e,cancers,https://scinapse.io/papers/2105354078,3
kidney cancer,vitamin e,cancers,https://scinapse.io/papers/2105354078,3
kidney cancer,rolls,cancers,https://scinapse.io/papers/2054486063,1
kidney cancer,holistic,cancers,https://scinapse.io/papers/2171046904,1
kidney cancer,pomegranate,cancers,https://scinapse.io/papers/2097124713,3
kidney cancer,pomegranate,cancers,https://scinapse.io/papers/2097124713,3
kidney cancer,kiwifruit,cancers,https://scinapse.io/papers/2097124713,3
kidney cancer,same,cancers,https://scinapse.io/papers/2027808454,2
kidney cancer,sweeteners,cancers,https://scinapse.io/papers/2027808454,2
kidney cancer,same,cancers,https://scinapse.io/papers/1987254199,1
kidney cancer,water,cancers,https://scinapse.io/papers/2149755517,1
kidney cancer,coffee,cancers,https://scinapse.io/papers/2607056868,2
kidney cancer,vegetables,cancers,https://scinapse.io/papers/2607056868,2
kidney cancer,wheatgrass,cancers,https://scinapse.io/papers/2070873673,1
kidney cancer,massage,cancers,https://duckduckgo.com/?q=%22webmd%22+%22nih%22+alternative+therapies+for+kidney+cancer&t=hi&ia=web,2
kidney cancer,massage,cancers,https://duckduckgo.com/?q=%22webmd%22+%22nih%22+alternative+therapies+for+kidney+cancer&t=hi&ia=web,2
kidney cancer,massage,cancers,https://duckduckgo.com/?q=%22webmd%22+%22nih%22+alternative+therapies+for+kidney+cancer&t=hi&ia=web,2
kidney cancer,massage,cancers,https://duckduckgo.com/?q=%22webmd%22+%22nih%22+alternative+therapies+for+kidney+cancer&t=hi&ia=web,2
kidney cancer,massage,cancers,https://duckduckgo.com/?q=%22webmd%22+%22nih%22+alternative+therapies+for+kidney+cancer&t=hi&ia=web,2
kidney cancer,massage,cancers,https://duckduckgo.com/?q=%22webmd%22+%22nih%22+alternative+therapies+for+kidney+cancer&t=hi&ia=web,2
lactose intolerance,milk,digestive disorders,https://scinapse.io/papers/2119224740,1
lactose intolerance,calcium,digestive disorders,https://scinapse.io/papers/2120588244,3
lactose intolerance,calcium,digestive disorders,https://scinapse.io/papers/2120588244,3
lactose intolerance,calcium,digestive disorders,https://scinapse.io/papers/2120588244,3
lactose intolerance,calcium,digestive disorders,https://scinapse.io/papers/1990869733,3
lactose intolerance,calcium,digestive disorders,https://scinapse.io/papers/1990869733,3
lactose intolerance,calcium,digestive disorders,https://scinapse.io/papers/1990869733,3
lactose intolerance,calcium,digestive disorders,https://scinapse.io/papers/2409728486,4
lactose intolerance,calcium,digestive disorders,https://scinapse.io/papers/2409728486,4
lactose intolerance,calcium,digestive disorders,https://scinapse.io/papers/2409728486,4
lactose intolerance,fish,digestive disorders,https://scinapse.io/papers/2409728486,4
lactose intolerance,acupuncture,digestive disorders,https://forums.webmd.com/3/digestive-disorders-exchange/forum/3042?pg=1,5
lactose intolerance,acupuncture,digestive disorders,https://forums.webmd.com/3/digestive-disorders-exchange/forum/3042?pg=1,5
lactose intolerance,acupuncture,digestive disorders,https://forums.webmd.com/3/digestive-disorders-exchange/forum/3042?pg=1,5
lactose intolerance,water,digestive disorders,https://forums.webmd.com/3/digestive-disorders-exchange/forum/3042?pg=1,5
lactose intolerance,gluten-free,digestive disorders,https://forums.webmd.com/3/digestive-disorders-exchange/forum/3042?pg=1,5
lactose intolerance,kefir,digestive disorders,https://scinapse.io/papers/2604774738,6
lactose intolerance,pumpkin,digestive disorders,https://scinapse.io/papers/2604774738,6
lactose intolerance,beverage,digestive disorders,https://scinapse.io/papers/2604774738,6
lactose intolerance,kefir,digestive disorders,https://scinapse.io/papers/2604774738,6
lactose intolerance,pumpkin,digestive disorders,https://scinapse.io/papers/2604774738,6
lactose intolerance,water,digestive disorders,https://scinapse.io/papers/2604774738,6
lactose intolerance,beet,digestive disorders,https://scinapse.io/papers/1588131815,3
lactose intolerance,probiotic,digestive disorders,https://scinapse.io/papers/1588131815,3
lactose intolerance,juice,digestive disorders,https://scinapse.io/papers/1588131815,3
lactose intolerance,vitamin d,digestive disorders,https://scinapse.io/papers/2134241518,3
lactose intolerance,vitamin d,digestive disorders,https://scinapse.io/papers/2134241518,3
lactose intolerance,vitamin d,digestive disorders,https://scinapse.io/papers/2134241518,3
lactose intolerance,probiotic,digestive disorders,https://scinapse.io/papers/1963515909,3
lactose intolerance,juice,digestive disorders,https://scinapse.io/papers/1963515909,3
lactose intolerance,vegetable juice,digestive disorders,https://scinapse.io/papers/1963515909,3
lactose intolerance,sugar,digestive disorders,https://scinapse.io/papers/2132387318,1
lactose intolerance,milk,digestive disorders,https://scinapse.io/papers/2119224740,1
lactose intolerance,lactase,digestive disorders,https://scinapse.io/papers/1972108885,2
lactose intolerance,milk,digestive disorders,https://scinapse.io/papers/1972108885,2
lactose intolerance,milk,digestive disorders,https://scinapse.io/papers/2606549341,1
lactose intolerance,milk,digestive disorders,https://flo.health/being-a-mom/your-baby/baby-care-and-feeding/milk-allergy-vs-lactose-intolerance,1
lambert-eaton myasthenic syndrome,calcium,autoimmune,https://scinapse.io/papers/2069798727,3
lambert-eaton myasthenic syndrome,calcium,autoimmune,https://scinapse.io/papers/2069798727,3
lambert-eaton myasthenic syndrome,calcium,autoimmune,https://scinapse.io/papers/2069798727,3
lambert-eaton myasthenic syndrome,same,autoimmune,https://scinapse.io/papers/2084536147,1
lambert-eaton myasthenic syndrome,calcium,autoimmune,https://duckduckgo.com/?q=%22webmd%22+%22nih%22+food+and+drinks+for+lambert-eaton+myasthenic+syndrome&t=hi&ia=web,3
lambert-eaton myasthenic syndrome,calcium,autoimmune,https://duckduckgo.com/?q=%22webmd%22+%22nih%22+food+and+drinks+for+lambert-eaton+myasthenic+syndrome&t=hi&ia=web,3
lambert-eaton myasthenic syndrome,calcium,autoimmune,https://duckduckgo.com/?q=%22webmd%22+%22nih%22+food+and+drinks+for+lambert-eaton+myasthenic+syndrome&t=hi&ia=web,3
lambert-eaton myasthenic syndrome,calcium,autoimmune,https://duckduckgo.com/?q=%22webmd%22+%22nih%22+food+and+drinks+for+lambert-eaton+myasthenic+syndrome&t=hi&ia=web,3
lambert-eaton myasthenic syndrome,calcium,autoimmune,https://duckduckgo.com/?q=%22webmd%22+%22nih%22+food+and+drinks+for+lambert-eaton+myasthenic+syndrome&t=hi&ia=web,3
lambert-eaton myasthenic syndrome,calcium,autoimmune,https://duckduckgo.com/?q=%22webmd%22+%22nih%22+food+and+drinks+for+lambert-eaton+myasthenic+syndrome&t=hi&ia=web,3
laryngeal cancer,fish,cancers,https://scinapse.io/papers/2237017444,1
laryngeal cancer,nutritional supplements,cancers,https://scinapse.io/papers/33726600,2
laryngeal cancer,fish,cancers,https://scinapse.io/papers/33726600,2
laryngeal cancer,same,cancers,https://scinapse.io/papers/1982840681,4
laryngeal cancer,alcoholic beverages,cancers,https://scinapse.io/papers/1982840681,4
laryngeal cancer,beverage,cancers,https://scinapse.io/papers/1982840681,4
laryngeal cancer,beverages,cancers,https://scinapse.io/papers/1982840681,4
laryngeal cancer,lutein,cancers,https://scinapse.io/papers/2047074855,3
laryngeal cancer,same,cancers,https://scinapse.io/papers/2047074855,3
laryngeal cancer,egg,cancers,https://scinapse.io/papers/2047074855,3
laryngeal cancer,coffee,cancers,https://scinapse.io/papers/2607056868,2
laryngeal cancer,vegetables,cancers,https://scinapse.io/papers/2607056868,2
laryngeal cancer,boron,cancers,https://scinapse.io/papers/2126356747,1
leaky gut,zinc,digestive disorders,https://scinapse.io/papers/2158744241,3
leaky gut,glutamine,digestive disorders,https://scinapse.io/papers/2158744241,3
leaky gut,zinc,digestive disorders,https://scinapse.io/papers/2158744241,3
leaky gut,green tea,digestive disorders,https://scinapse.io/papers/2731274648,8
leaky gut,bifidobacteria,digestive disorders,https://scinapse.io/papers/2731274648,8
leaky gut,green tea,digestive disorders,https://scinapse.io/papers/2731274648,8
leaky gut,green tea,digestive disorders,https://scinapse.io/papers/2731274648,8
leaky gut,lactobacillus,digestive disorders,https://scinapse.io/papers/2731274648,8
leaky gut,sweeteners,digestive disorders,https://scinapse.io/papers/2731274648,8
leaky gut,tea,digestive disorders,https://scinapse.io/papers/2731274648,8
leaky gut,wheat,digestive disorders,https://scinapse.io/papers/2731274648,8
leaky gut,ash,digestive disorders,https://scinapse.io/papers/2619680342,1
leaky gut,glutamine,digestive disorders,https://www.healthyandnaturalworld.com/leaky-gut-signs-and-how-to-heal/,2
leaky gut,probiotic,digestive disorders,https://www.healthyandnaturalworld.com/leaky-gut-signs-and-how-to-heal/,2
leaky gut,barley,digestive disorders,https://www.burlisonclinic.com/10-supplements-that-provide-health-and-healing-for-leaky-gut/,5
leaky gut,licorice,digestive disorders,https://www.burlisonclinic.com/10-supplements-that-provide-health-and-healing-for-leaky-gut/,5
leaky gut,quercetin,digestive disorders,https://www.burlisonclinic.com/10-supplements-that-provide-health-and-healing-for-leaky-gut/,5
leaky gut,barley,digestive disorders,https://www.burlisonclinic.com/10-supplements-that-provide-health-and-healing-for-leaky-gut/,5
leaky gut,sugar,digestive disorders,https://www.burlisonclinic.com/10-supplements-that-provide-health-and-healing-for-leaky-gut/,5
leaky gut,chicken,digestive disorders,https://scinapse.io/papers/2611502608,2
leaky gut,sweeteners,digestive disorders,https://scinapse.io/papers/2611502608,2
leaky gut,barley,digestive disorders,https://www.burlisonclinic.com/10-supplements-that-provide-health-and-healing-for-leaky-gut/,5
leaky gut,licorice,digestive disorders,https://www.burlisonclinic.com/10-supplements-that-provide-health-and-healing-for-leaky-gut/,5
leaky gut,quercetin,digestive disorders,https://www.burlisonclinic.com/10-supplements-that-provide-health-and-healing-for-leaky-gut/,5
leaky gut,barley,digestive disorders,https://www.burlisonclinic.com/10-supplements-that-provide-health-and-healing-for-leaky-gut/,5
leaky gut,sugar,digestive disorders,https://www.burlisonclinic.com/10-supplements-that-provide-health-and-healing-for-leaky-gut/,5
leaky gut,glutathione,digestive disorders,https://www.youtube.com/watch?v=xvtq02Nwmfw,1
leaky gut,chamomile,digestive disorders,https://blog.thryveinside.com/herbal-teas-for-symptoms-of-leaky-gut-syndrome/,1
leaky gut,melatonin,digestive disorders,https://scinapse.io/papers/2042426571,1
leaky gut,glutamine,digestive disorders,http://horizonnaturalmedicine.com/2016/09/18/causes-and-cures-for-leaky-gut-syndrome-one-of-the-largest-contributors-to-chronic-disease/,11
leaky gut,licorice,digestive disorders,http://horizonnaturalmedicine.com/2016/09/18/causes-and-cures-for-leaky-gut-syndrome-one-of-the-largest-contributors-to-chronic-disease/,11
leaky gut,marshmallow,digestive disorders,http://horizonnaturalmedicine.com/2016/09/18/causes-and-cures-for-leaky-gut-syndrome-one-of-the-largest-contributors-to-chronic-disease/,11
leaky gut,slippery elm,digestive disorders,http://horizonnaturalmedicine.com/2016/09/18/causes-and-cures-for-leaky-gut-syndrome-one-of-the-largest-contributors-to-chronic-disease/,11
leaky gut,homeopathy,digestive disorders,http://horizonnaturalmedicine.com/2016/09/18/causes-and-cures-for-leaky-gut-syndrome-one-of-the-largest-contributors-to-chronic-disease/,11
leaky gut,homeopathy,digestive disorders,http://horizonnaturalmedicine.com/2016/09/18/causes-and-cures-for-leaky-gut-syndrome-one-of-the-largest-contributors-to-chronic-disease/,11
leaky gut,naturopathic medicine,digestive disorders,http://horizonnaturalmedicine.com/2016/09/18/causes-and-cures-for-leaky-gut-syndrome-one-of-the-largest-contributors-to-chronic-disease/,11
leaky gut,bear,digestive disorders,http://horizonnaturalmedicine.com/2016/09/18/causes-and-cures-for-leaky-gut-syndrome-one-of-the-largest-contributors-to-chronic-disease/,11
leaky gut,juice,digestive disorders,http://horizonnaturalmedicine.com/2016/09/18/causes-and-cures-for-leaky-gut-syndrome-one-of-the-largest-contributors-to-chronic-disease/,11
leaky gut,okra,digestive disorders,http://horizonnaturalmedicine.com/2016/09/18/causes-and-cures-for-leaky-gut-syndrome-one-of-the-largest-contributors-to-chronic-disease/,11
leaky gut,water,digestive disorders,http://horizonnaturalmedicine.com/2016/09/18/causes-and-cures-for-leaky-gut-syndrome-one-of-the-largest-contributors-to-chronic-disease/,11
leukemia - acute lymphoblastic leukemia,folic acid,cancers,https://www.rxlist.com/consumer_methotrexate_trexall/drugs-condition.htm,1
leukemia - acute lymphoblastic leukemia,glutathione,cancers,https://scinapse.io/papers/2078596809,1
leukemia - acute lymphoblastic leukemia,green tea,cancers,https://scinapse.io/papers/2112207509,4
leukemia - acute lymphoblastic leukemia,green tea,cancers,https://scinapse.io/papers/2112207509,4
leukemia - acute lymphoblastic leukemia,green tea,cancers,https://scinapse.io/papers/2112207509,4
leukemia - acute lymphoblastic leukemia,tea,cancers,https://scinapse.io/papers/2112207509,4
leukemia - acute lymphoblastic leukemia,vitamin e,cancers,https://scinapse.io/papers/2140923736,2
leukemia - acute lymphoblastic leukemia,vitamin e,cancers,https://scinapse.io/papers/2140923736,2
leukemia - acute lymphocytic (all),same,cancers,https://scinapse.io/papers/1974924398,1
leukemia - acute lymphocytic (all),green tea,cancers,https://scinapse.io/papers/2112207509,4
leukemia - acute lymphocytic (all),green tea,cancers,https://scinapse.io/papers/2112207509,4
leukemia - acute lymphocytic (all),green tea,cancers,https://scinapse.io/papers/2112207509,4
leukemia - acute lymphocytic (all),tea,cancers,https://scinapse.io/papers/2112207509,4
leukemia - acute lymphocytic (all),same,cancers,https://scinapse.io/papers/2168881809,1
leukemia - acute myeloid aml,water,cancers,https://www.rxlist.com/idamycin-drug.htm,1
leukemia - acute myeloid aml,tyrosine,cancers,https://scinapse.io/papers/2793564579,1
leukemia - acute myeloid aml,germanium,cancers,http://library.everyonehealthy.com/library/condition/Leukemia-(acute-Myeloid),3
leukemia - acute myeloid aml,licorice,cancers,http://library.everyonehealthy.com/library/condition/Leukemia-(acute-Myeloid),3
leukemia - acute myeloid aml,rabdosia rubescens,cancers,http://library.everyonehealthy.com/library/condition/Leukemia-(acute-Myeloid),3
leukemia - adult,lithium,cancers,https://forums.webmd.com/3/bipolar-disorder-exchange/forum/15350,2
leukemia - adult,dream,cancers,https://forums.webmd.com/3/bipolar-disorder-exchange/forum/15350,2
leukemia - adult,chinese medicine,cancers,https://scinapse.io/papers/2103344286,3
leukemia - adult,traditional chinese medicine,cancers,https://scinapse.io/papers/2103344286,3
leukemia - adult,traditional chinese medicine,cancers,https://scinapse.io/papers/2103344286,3
leukemia - childhood,folic acid,cancers,https://scinapse.io/papers/2047677299,1
leukemia - childhood,calcium,cancers,https://scinapse.io/papers/2792238687,7
leukemia - childhood,calcium,cancers,https://scinapse.io/papers/2792238687,7
leukemia - childhood,calcium,cancers,https://scinapse.io/papers/2792238687,7
leukemia - childhood,glutathione,cancers,https://scinapse.io/papers/2792238687,7
leukemia - childhood,vitamin d,cancers,https://scinapse.io/papers/2792238687,7
leukemia - childhood,vitamin d,cancers,https://scinapse.io/papers/2792238687,7
leukemia - childhood,vitamin d,cancers,https://scinapse.io/papers/2792238687,7
leukemia - childhood,folic acid,cancers,https://scinapse.io/papers/2581304500,3
leukemia - childhood,fish,cancers,https://scinapse.io/papers/2581304500,3
leukemia - childhood,vegetables,cancers,https://scinapse.io/papers/2581304500,3
leukemia - childhood,folic acid,cancers,https://scinapse.io/papers/2016799269,1
leukemia - childhood,vitamin e,cancers,https://scinapse.io/papers/1986920257,2
leukemia - childhood,vitamin e,cancers,https://scinapse.io/papers/1986920257,2
leukemia - childhood,bayberry,cancers,https://www.ncbi.nlm.nih.gov/pmc/articles/PMC2077876/,13
leukemia - childhood,black cohosh,cancers,https://www.ncbi.nlm.nih.gov/pmc/articles/PMC2077876/,13
leukemia - childhood,blue cohosh,cancers,https://www.ncbi.nlm.nih.gov/pmc/articles/PMC2077876/,13
leukemia - childhood,canadian fleabane,cancers,https://www.ncbi.nlm.nih.gov/pmc/articles/PMC2077876/,13
leukemia - childhood,goldenseal,cancers,https://www.ncbi.nlm.nih.gov/pmc/articles/PMC2077876/,13
leukemia - childhood,horsetail,cancers,https://www.ncbi.nlm.nih.gov/pmc/articles/PMC2077876/,13
leukemia - childhood,iron,cancers,https://www.ncbi.nlm.nih.gov/pmc/articles/PMC2077876/,13
leukemia - childhood,periwinkle,cancers,https://www.ncbi.nlm.nih.gov/pmc/articles/PMC2077876/,13
leukemia - childhood,progesterone,cancers,https://www.ncbi.nlm.nih.gov/pmc/articles/PMC2077876/,13
leukemia - childhood,yarrow,cancers,https://www.ncbi.nlm.nih.gov/pmc/articles/PMC2077876/,13
leukemia - childhood,chiropractic,cancers,https://www.ncbi.nlm.nih.gov/pmc/articles/PMC2077876/,13
leukemia - childhood,chiropractic,cancers,https://www.ncbi.nlm.nih.gov/pmc/articles/PMC2077876/,13
leukemia - childhood,chiropractic,cancers,https://www.ncbi.nlm.nih.gov/pmc/articles/PMC2077876/,13
leukemia - childhood,same,cancers,https://scinapse.io/papers/1967451348,1
leukemia - childhood,glutathione,cancers,https://scinapse.io/papers/2078596809,1
leukemia - childhood,caffeine,cancers,https://scinapse.io/papers/2122913819,2
leukemia - childhood,sweeteners,cancers,https://scinapse.io/papers/2122913819,2
leukemia - childhood,broccoli,cancers,https://www.webmd.com/cancer/features/seven-easy-to-find-foods-that-may-help-fight-cancer#1,2
leukemia - childhood,broccoli,cancers,https://www.webmd.com/cancer/features/seven-easy-to-find-foods-that-may-help-fight-cancer#1,2
leukemia - chronic lymphocytic - cll,green tea,cancers,https://duckduckgo.com/?q=%22webmd%22+%22nih%22+supplements+for+leukemia+-+chronic+lymphocytic+-+cll&t=hi&ia=web,4
leukemia - chronic lymphocytic - cll,green tea,cancers,https://duckduckgo.com/?q=%22webmd%22+%22nih%22+supplements+for+leukemia+-+chronic+lymphocytic+-+cll&t=hi&ia=web,4
leukemia - chronic lymphocytic - cll,green tea,cancers,https://duckduckgo.com/?q=%22webmd%22+%22nih%22+supplements+for+leukemia+-+chronic+lymphocytic+-+cll&t=hi&ia=web,4
leukemia - chronic lymphocytic - cll,tea,cancers,https://duckduckgo.com/?q=%22webmd%22+%22nih%22+supplements+for+leukemia+-+chronic+lymphocytic+-+cll&t=hi&ia=web,4
leukemia - chronic lymphocytic - cll,green tea,cancers,https://www.cancer.gov/types/leukemia/patient/cll-treatment-pdq,4
leukemia - chronic lymphocytic - cll,green tea,cancers,https://www.cancer.gov/types/leukemia/patient/cll-treatment-pdq,4
leukemia - chronic lymphocytic - cll,green tea,cancers,https://www.cancer.gov/types/leukemia/patient/cll-treatment-pdq,4
leukemia - chronic lymphocytic - cll,tea,cancers,https://www.cancer.gov/types/leukemia/patient/cll-treatment-pdq,4
leukemia - chronic lymphocytic - cll,green tea,cancers,https://duckduckgo.com/?q=%22webmd%22+%22nih%22+supplements+for+leukemia+-+chronic+lymphocytic+-+cll&t=hi&ia=web,4
leukemia - chronic lymphocytic - cll,green tea,cancers,https://duckduckgo.com/?q=%22webmd%22+%22nih%22+supplements+for+leukemia+-+chronic+lymphocytic+-+cll&t=hi&ia=web,4
leukemia - chronic lymphocytic - cll,green tea,cancers,https://duckduckgo.com/?q=%22webmd%22+%22nih%22+supplements+for+leukemia+-+chronic+lymphocytic+-+cll&t=hi&ia=web,4
leukemia - chronic lymphocytic - cll,tea,cancers,https://duckduckgo.com/?q=%22webmd%22+%22nih%22+supplements+for+leukemia+-+chronic+lymphocytic+-+cll&t=hi&ia=web,4
leukemia - chronic lymphocytic - cll,tyrosine,cancers,https://scinapse.io/papers/2558640761,1
leukemia - chronic myeloid - cml,chinese medicine,cancers,https://scinapse.io/papers/2103344286,3
leukemia - chronic myeloid - cml,traditional chinese medicine,cancers,https://scinapse.io/papers/2103344286,3
leukemia - chronic myeloid - cml,traditional chinese medicine,cancers,https://scinapse.io/papers/2103344286,3
leukemia - chronic myeloid - cml,tyrosine,cancers,https://scinapse.io/papers/2769954801,1
leukemia - chronic myeloid - cml,same,cancers,https://scinapse.io/papers/2620808717,1
leukemia - chronic myeloid - cml,tyrosine,cancers,https://scinapse.io/papers/2121533957,1
leukemia - chronic myeloid - cml,tyrosine,cancers,https://scinapse.io/papers/2304163120,1
leukemia - chronic myeloid - cml,tyrosine,cancers,https://scinapse.io/papers/1841276786,1
leukocytoclastic vasculitis,cannabis,autoimmune,https://www.marijuanadoctors.com/conditions/henoch-schonlein-purpura/,2
leukocytoclastic vasculitis,marijuana,autoimmune,https://www.marijuanadoctors.com/conditions/henoch-schonlein-purpura/,2
lichen planus,curcumin,autoimmune,https://scinapse.io/papers/2403698967,1
lichen planus,iron,autoimmune,https://scinapse.io/papers/27879580,1
lichen planus,vitamin b12,autoimmune,https://scinapse.io/papers/2164357373,2
lichen planus,vitamin b12,autoimmune,https://scinapse.io/papers/2164357373,2
lichen planus,aloe,autoimmune,https://duckduckgo.com/?q=%22webmd%22+%22nih%22+supplements+for+lichen+planus&t=hi&ia=web,1
lichen planus,aloe,autoimmune,https://duckduckgo.com/?q=%22webmd%22+%22nih%22+supplements+for+lichen+planus&t=hi&ia=web,1
lichen planus,aloe,autoimmune,https://duckduckgo.com/?q=%22webmd%22+%22nih%22+supplements+for+lichen+planus&t=hi&ia=web,1
lichen planus,aloe,autoimmune,https://duckduckgo.com/?q=%22webmd%22+%22nih%22+supplements+for+lichen+planus&t=hi&ia=web,1
lichen planus,holistic,autoimmune,https://clip-share.net/video/LF76TKFC7a0/is-halo-beauty-going-to-get-you-pregnant-and-other-research-based-answers.html,2
lichen planus,fungi,autoimmune,https://clip-share.net/video/LF76TKFC7a0/is-halo-beauty-going-to-get-you-pregnant-and-other-research-based-answers.html,2
lichen planus,apple,autoimmune,https://www.healthyandnaturalworld.com/white-bumps-or-spots-on-tongue/,8
lichen planus,apple cider vinegar,autoimmune,https://www.healthyandnaturalworld.com/white-bumps-or-spots-on-tongue/,8
lichen planus,tea tree oil,autoimmune,https://www.healthyandnaturalworld.com/white-bumps-or-spots-on-tongue/,8
lichen planus,witch hazel,autoimmune,https://www.healthyandnaturalworld.com/white-bumps-or-spots-on-tongue/,8
lichen planus,oil,autoimmune,https://www.healthyandnaturalworld.com/white-bumps-or-spots-on-tongue/,8
lichen planus,salt,autoimmune,https://www.healthyandnaturalworld.com/white-bumps-or-spots-on-tongue/,8
lichen planus,tea,autoimmune,https://www.healthyandnaturalworld.com/white-bumps-or-spots-on-tongue/,8
lichen planus,vinegar,autoimmune,https://www.healthyandnaturalworld.com/white-bumps-or-spots-on-tongue/,8
lichen planus,oil,autoimmune,https://duckduckgo.com/?q=%22webmd%22+%22nih%22+alternative+therapies+for+lichen+planus&t=hi&ia=web,1
lichen planus,oil,autoimmune,https://duckduckgo.com/?q=%22webmd%22+%22nih%22+alternative+therapies+for+lichen+planus&t=hi&ia=web,1
lichen planus,oil,autoimmune,https://duckduckgo.com/?q=%22webmd%22+%22nih%22+alternative+therapies+for+lichen+planus&t=hi&ia=web,1
lichen sclerosus,tea,autoimmune,https://scinapse.io/papers/2087136673,1
lichen sclerosus,oil,autoimmune,https://duckduckgo.com/?q=%22webmd%22+%22nih%22+alternative+therapies+for+lichen+sclerosus&t=hi&ia=web,1
lichen sclerosus,green tea,autoimmune,https://www.ncbi.nlm.nih.gov/pmc/articles/PMC3931201/,6
lichen sclerosus,aloe,autoimmune,https://www.ncbi.nlm.nih.gov/pmc/articles/PMC3931201/,6
lichen sclerosus,green tea,autoimmune,https://www.ncbi.nlm.nih.gov/pmc/articles/PMC3931201/,6
lichen sclerosus,green tea,autoimmune,https://www.ncbi.nlm.nih.gov/pmc/articles/PMC3931201/,6
lichen sclerosus,oil,autoimmune,https://www.ncbi.nlm.nih.gov/pmc/articles/PMC3931201/,6
lichen sclerosus,tea,autoimmune,https://www.ncbi.nlm.nih.gov/pmc/articles/PMC3931201/,6
ligneous conjunctivitis,kinesiology,autoimmune,https://duckduckgo.com/?q=%22webmd%22+%22nih%22+supplements+for+ligneous+conjunctivitis&t=hi&ia=web,1
ligneous conjunctivitis,kinesiology,autoimmune,https://duckduckgo.com/?q=%22webmd%22+%22nih%22+supplements+for+ligneous+conjunctivitis&t=hi&ia=web,1
ligneous conjunctivitis,kinesiology,autoimmune,https://duckduckgo.com/?q=%22webmd%22+%22nih%22+supplements+for+ligneous+conjunctivitis&t=hi&ia=web,1
ligneous conjunctivitis,kinesiology,autoimmune,https://duckduckgo.com/?q=%22webmd%22+%22nih%22+supplements+for+ligneous+conjunctivitis&t=hi&ia=web,1
ligneous conjunctivitis,royal jelly,autoimmune,https://scinapse.io/papers/2067118883,2
ligneous conjunctivitis,royal jelly,autoimmune,https://scinapse.io/papers/2067118883,2
ligneous conjunctivitis,tyrosine,autoimmune,https://duckduckgo.com/?q=%22webmd%22+%22nih%22+alternative+therapies+for+ligneous+conjunctivitis&t=hi&ia=web,1
ligneous conjunctivitis,tyrosine,autoimmune,https://duckduckgo.com/?q=%22webmd%22+%22nih%22+alternative+therapies+for+ligneous+conjunctivitis&t=hi&ia=web,1
linear iga disease,sugar,autoimmune,https://scinapse.io/papers/2907655884,1
liver cancer,vitamin e,cancers,https://scinapse.io/papers/2101075397,2
liver cancer,vitamin e,cancers,https://scinapse.io/papers/2101075397,2
liver cancer,selenium,cancers,https://scinapse.io/papers/2136509422,2
liver cancer,selenium,cancers,https://scinapse.io/papers/2136509422,2
liver cancer,selenium,cancers,https://scinapse.io/papers/2002956860,5
liver cancer,selenium,cancers,https://scinapse.io/papers/2002956860,5
liver cancer,vitamin e,cancers,https://scinapse.io/papers/2002956860,5
liver cancer,vitamin e,cancers,https://scinapse.io/papers/2002956860,5
liver cancer,vegetables,cancers,https://scinapse.io/papers/2002956860,5
liver cancer,zinc,cancers,https://scinapse.io/papers/2065620097,3
liver cancer,nickel,cancers,https://scinapse.io/papers/2065620097,3
liver cancer,zinc,cancers,https://scinapse.io/papers/2065620097,3
liver cancer,garlic,cancers,https://duckduckgo.com/?q=%22webmd%22+%22nih%22+supplements+for+liver+cancer&t=hi&ia=web,4
liver cancer,garlic,cancers,https://duckduckgo.com/?q=%22webmd%22+%22nih%22+supplements+for+liver+cancer&t=hi&ia=web,4
liver cancer,garlic,cancers,https://duckduckgo.com/?q=%22webmd%22+%22nih%22+supplements+for+liver+cancer&t=hi&ia=web,4
liver cancer,garlic,cancers,https://duckduckgo.com/?q=%22webmd%22+%22nih%22+supplements+for+liver+cancer&t=hi&ia=web,4
liver cancer,garlic,cancers,https://duckduckgo.com/?q=%22webmd%22+%22nih%22+supplements+for+liver+cancer&t=hi&ia=web,4
liver cancer,garlic,cancers,https://duckduckgo.com/?q=%22webmd%22+%22nih%22+supplements+for+liver+cancer&t=hi&ia=web,4
liver cancer,garlic,cancers,https://duckduckgo.com/?q=%22webmd%22+%22nih%22+supplements+for+liver+cancer&t=hi&ia=web,4
liver cancer,garlic,cancers,https://duckduckgo.com/?q=%22webmd%22+%22nih%22+supplements+for+liver+cancer&t=hi&ia=web,4
liver cancer,strawberries,cancers,https://forums.webmd.com/3/hepatitis-exchange/tip/13,1
liver cancer,vegetables,cancers,https://scinapse.io/papers/2789475596,1
liver cancer,cannabis,cancers,https://duckduckgo.com/?q=%22webmd%22+%22nih%22+alternative+therapies+for+liver+cancer&t=hi&ia=web,8
liver cancer,milk thistle,cancers,https://duckduckgo.com/?q=%22webmd%22+%22nih%22+alternative+therapies+for+liver+cancer&t=hi&ia=web,8
liver cancer,acupuncture,cancers,https://duckduckgo.com/?q=%22webmd%22+%22nih%22+alternative+therapies+for+liver+cancer&t=hi&ia=web,8
liver cancer,acupuncture,cancers,https://duckduckgo.com/?q=%22webmd%22+%22nih%22+alternative+therapies+for+liver+cancer&t=hi&ia=web,8
liver cancer,acupuncture,cancers,https://duckduckgo.com/?q=%22webmd%22+%22nih%22+alternative+therapies+for+liver+cancer&t=hi&ia=web,8
liver cancer,massage,cancers,https://duckduckgo.com/?q=%22webmd%22+%22nih%22+alternative+therapies+for+liver+cancer&t=hi&ia=web,8
liver cancer,massage,cancers,https://duckduckgo.com/?q=%22webmd%22+%22nih%22+alternative+therapies+for+liver+cancer&t=hi&ia=web,8
liver cancer,milk,cancers,https://duckduckgo.com/?q=%22webmd%22+%22nih%22+alternative+therapies+for+liver+cancer&t=hi&ia=web,8
liver cancer,cannabis,cancers,https://duckduckgo.com/?q=%22webmd%22+%22nih%22+alternative+therapies+for+liver+cancer&t=hi&ia=web,8
liver cancer,milk thistle,cancers,https://duckduckgo.com/?q=%22webmd%22+%22nih%22+alternative+therapies+for+liver+cancer&t=hi&ia=web,8
liver cancer,acupuncture,cancers,https://duckduckgo.com/?q=%22webmd%22+%22nih%22+alternative+therapies+for+liver+cancer&t=hi&ia=web,8
liver cancer,acupuncture,cancers,https://duckduckgo.com/?q=%22webmd%22+%22nih%22+alternative+therapies+for+liver+cancer&t=hi&ia=web,8
liver cancer,acupuncture,cancers,https://duckduckgo.com/?q=%22webmd%22+%22nih%22+alternative+therapies+for+liver+cancer&t=hi&ia=web,8
liver cancer,massage,cancers,https://duckduckgo.com/?q=%22webmd%22+%22nih%22+alternative+therapies+for+liver+cancer&t=hi&ia=web,8
liver cancer,massage,cancers,https://duckduckgo.com/?q=%22webmd%22+%22nih%22+alternative+therapies+for+liver+cancer&t=hi&ia=web,8
liver cancer,milk,cancers,https://duckduckgo.com/?q=%22webmd%22+%22nih%22+alternative+therapies+for+liver+cancer&t=hi&ia=web,8
liver cancer,cannabis,cancers,https://duckduckgo.com/?q=%22webmd%22+%22nih%22+alternative+therapies+for+liver+cancer&t=hi&ia=web,8
liver cancer,milk thistle,cancers,https://duckduckgo.com/?q=%22webmd%22+%22nih%22+alternative+therapies+for+liver+cancer&t=hi&ia=web,8
liver cancer,acupuncture,cancers,https://duckduckgo.com/?q=%22webmd%22+%22nih%22+alternative+therapies+for+liver+cancer&t=hi&ia=web,8
liver cancer,acupuncture,cancers,https://duckduckgo.com/?q=%22webmd%22+%22nih%22+alternative+therapies+for+liver+cancer&t=hi&ia=web,8
liver cancer,acupuncture,cancers,https://duckduckgo.com/?q=%22webmd%22+%22nih%22+alternative+therapies+for+liver+cancer&t=hi&ia=web,8
liver cancer,massage,cancers,https://duckduckgo.com/?q=%22webmd%22+%22nih%22+alternative+therapies+for+liver+cancer&t=hi&ia=web,8
liver cancer,massage,cancers,https://duckduckgo.com/?q=%22webmd%22+%22nih%22+alternative+therapies+for+liver+cancer&t=hi&ia=web,8
liver cancer,milk,cancers,https://duckduckgo.com/?q=%22webmd%22+%22nih%22+alternative+therapies+for+liver+cancer&t=hi&ia=web,8
liver disease,lactobacillus,digestive disorders,https://scinapse.io/papers/2137336042,1
liver disease,methionine,digestive disorders,https://scinapse.io/papers/1589001539,2
liver disease,nutritional supplements,digestive disorders,https://scinapse.io/papers/1589001539,2
liver disease,resveratrol,digestive disorders,https://scinapse.io/papers/2278355670,1
liver disease,resveratrol,digestive disorders,https://scinapse.io/papers/1914169609,2
liver disease,chocolate,digestive disorders,https://scinapse.io/papers/1914169609,2
liver disease,holistic,digestive disorders,https://scinapse.io/papers/2171046904,1
liver disease,beverages,digestive disorders,https://scinapse.io/papers/2086730826,1
liver disease,ginger,digestive disorders,https://scinapse.io/papers/1971774772,10
liver disease,ginger,digestive disorders,https://scinapse.io/papers/1971774772,10
liver disease,pumpkin,digestive disorders,https://scinapse.io/papers/1971774772,10
liver disease,same,digestive disorders,https://scinapse.io/papers/1971774772,10
liver disease,milk,digestive disorders,https://scinapse.io/papers/1971774772,10
liver disease,potatoes,digestive disorders,https://scinapse.io/papers/1971774772,10
liver disease,pumpkin,digestive disorders,https://scinapse.io/papers/1971774772,10
liver disease,salmon,digestive disorders,https://scinapse.io/papers/1971774772,10
liver disease,sweet potatoes,digestive disorders,https://scinapse.io/papers/1971774772,10
liver disease,gluten-free,digestive disorders,https://scinapse.io/papers/1971774772,10
liver disease,dressing,digestive disorders,https://scinapse.io/papers/2505946943,1
lobular carcinoma,same,cancers,https://scinapse.io/papers/2024168248,1
lobular carcinoma,same,cancers,https://scinapse.io/papers/2032119119,1
lobular carcinoma,carrot,cancers,https://scinapse.io/papers/2006523638,3
lobular carcinoma,carrot juice,cancers,https://scinapse.io/papers/2006523638,3
lobular carcinoma,juice,cancers,https://scinapse.io/papers/2006523638,3
lobular carcinoma,green tea,cancers,https://scinapse.io/papers/2177793665,5
lobular carcinoma,green tea,cancers,https://scinapse.io/papers/2177793665,5
lobular carcinoma,green tea,cancers,https://scinapse.io/papers/2177793665,5
lobular carcinoma,beverages,cancers,https://scinapse.io/papers/2177793665,5
lobular carcinoma,tea,cancers,https://scinapse.io/papers/2177793665,5
low testosterone,dhea,endocrine disorders,https://scinapse.io/papers/1997807118,1
low testosterone,dhea,endocrine disorders,https://forums.webmd.com/3/mens-health-community/forum/439/7,1
low testosterone,wine,endocrine disorders,https://scinapse.io/papers/1538557551,1
low testosterone,vegetables,endocrine disorders,https://www.webmd.com/prostate-cancer/guide/alternative-treatments-for-prostate-cancer2#1,1
lung cancer,vitamin d,cancers,https://scinapse.io/papers/1990859291,3
lung cancer,vitamin d,cancers,https://scinapse.io/papers/1990859291,3
lung cancer,vitamin d,cancers,https://scinapse.io/papers/1990859291,3
lung cancer,vegetables,cancers,https://scinapse.io/papers/2066137233,1
lung cancer,vitamin e,cancers,https://scinapse.io/papers/1591675690,2
lung cancer,vitamin e,cancers,https://scinapse.io/papers/1591675690,2
lung cancer,selenium,cancers,https://scinapse.io/papers/2136509422,2
lung cancer,selenium,cancers,https://scinapse.io/papers/2136509422,2
lung cancer,vitamin a,cancers,https://scinapse.io/papers/2164848696,5
lung cancer,vitamin a,cancers,https://scinapse.io/papers/2164848696,5
lung cancer,vitamin d,cancers,https://scinapse.io/papers/2164848696,5
lung cancer,vitamin d,cancers,https://scinapse.io/papers/2164848696,5
lung cancer,vitamin d,cancers,https://scinapse.io/papers/2164848696,5
lung cancer,soybean,cancers,https://scinapse.io/papers/2133443143,1
lung cancer,same,cancers,https://scinapse.io/papers/2284090321,1
lung cancer,acupressure,cancers,https://scinapse.io/papers/2158657379,3
lung cancer,acupressure,cancers,https://scinapse.io/papers/2158657379,3
lung cancer,acupressure,cancers,https://scinapse.io/papers/2158657379,3
lung cancer,holistic,cancers,https://www.webmd.com/balance/features/alternative-cancer-therapies-go-mainstream#1,1
lung cancer,vegetables,cancers,https://www.webmd.com/prostate-cancer/guide/alternative-treatments-for-prostate-cancer2#1,1
lung cancer,acupuncture,cancers,https://duckduckgo.com/?q=%22webmd%22+%22nih%22+alternative+therapies+for+lung+cancer&t=hi&ia=web,5
lung cancer,acupuncture,cancers,https://duckduckgo.com/?q=%22webmd%22+%22nih%22+alternative+therapies+for+lung+cancer&t=hi&ia=web,5
lung cancer,acupuncture,cancers,https://duckduckgo.com/?q=%22webmd%22+%22nih%22+alternative+therapies+for+lung+cancer&t=hi&ia=web,5
lung cancer,massage,cancers,https://duckduckgo.com/?q=%22webmd%22+%22nih%22+alternative+therapies+for+lung+cancer&t=hi&ia=web,5
lung cancer,massage,cancers,https://duckduckgo.com/?q=%22webmd%22+%22nih%22+alternative+therapies+for+lung+cancer&t=hi&ia=web,5
lung cancer - small cell,copper,cancers,https://scinapse.io/papers/2110299743,4
lung cancer - small cell,glutamine,cancers,https://scinapse.io/papers/2110299743,4
lung cancer - small cell,selenium,cancers,https://scinapse.io/papers/2110299743,4
lung cancer - small cell,selenium,cancers,https://scinapse.io/papers/2110299743,4
lung cancer - small cell,tyrosine,cancers,https://scinapse.io/papers/2105022277,1
lung cancer - small cell,hydrazine sulfate,cancers,https://duckduckgo.com/?q=%22webmd%22+%22nih%22+alternative+therapies+for+lung+cancer+-+small+cell&t=hi&ia=web,1
lung cancer - small cell,hydrazine sulfate,cancers,https://duckduckgo.com/?q=%22webmd%22+%22nih%22+alternative+therapies+for+lung+cancer+-+small+cell&t=hi&ia=web,1
lung cancer - small cell,hydrazine sulfate,cancers,https://duckduckgo.com/?q=%22webmd%22+%22nih%22+alternative+therapies+for+lung+cancer+-+small+cell&t=hi&ia=web,1
lupus nephritis,fish oil,autoimmune,https://scinapse.io/papers/2111416360,9
lupus nephritis,fish oil,autoimmune,https://scinapse.io/papers/2111416360,9
lupus nephritis,fish oil,autoimmune,https://scinapse.io/papers/2111416360,9
lupus nephritis,fish oil,autoimmune,https://scinapse.io/papers/2111416360,9
lupus nephritis,soy,autoimmune,https://scinapse.io/papers/2111416360,9
lupus nephritis,fish,autoimmune,https://scinapse.io/papers/2111416360,9
lupus nephritis,fish oil,autoimmune,https://scinapse.io/papers/2111416360,9
lupus nephritis,oil,autoimmune,https://scinapse.io/papers/2111416360,9
lupus nephritis,vegetarian,autoimmune,https://scinapse.io/papers/2111416360,9
lupus nephritis,melatonin,autoimmune,https://scinapse.io/papers/2766417513,1
lupus nephritis,spirulina,autoimmune,https://www.onlinehealthnews.net/2018/08/20/supplements-for-lupus-redorbit/,4
lupus nephritis,chlorella,autoimmune,https://www.onlinehealthnews.net/2018/08/20/supplements-for-lupus-redorbit/,4
lupus nephritis,spirulina,autoimmune,https://www.onlinehealthnews.net/2018/08/20/supplements-for-lupus-redorbit/,4
lupus nephritis,spirulina,autoimmune,https://www.onlinehealthnews.net/2018/08/20/supplements-for-lupus-redorbit/,4
lupus nephritis,water,autoimmune,https://scinapse.io/papers/2060819569,1
lupus nephritis,vitamin d,autoimmune,https://forums.webmd.com/3/lupus-exchange/tip/16/1?pg=2,3
lupus nephritis,vitamin d,autoimmune,https://forums.webmd.com/3/lupus-exchange/tip/16/1?pg=2,3
lupus nephritis,vitamin d,autoimmune,https://forums.webmd.com/3/lupus-exchange/tip/16/1?pg=2,3
lupus nephritis,curcumin,autoimmune,https://duckduckgo.com/?q=%22webmd%22+%22nih%22+food+and+drinks+for+lupus+nephritis&t=hi&ia=web,5
lupus nephritis,lemon,autoimmune,https://duckduckgo.com/?q=%22webmd%22+%22nih%22+food+and+drinks+for+lupus+nephritis&t=hi&ia=web,5
lupus nephritis,turmeric,autoimmune,https://duckduckgo.com/?q=%22webmd%22+%22nih%22+food+and+drinks+for+lupus+nephritis&t=hi&ia=web,5
lupus nephritis,turmeric,autoimmune,https://duckduckgo.com/?q=%22webmd%22+%22nih%22+food+and+drinks+for+lupus+nephritis&t=hi&ia=web,5
lupus nephritis,tea,autoimmune,https://duckduckgo.com/?q=%22webmd%22+%22nih%22+food+and+drinks+for+lupus+nephritis&t=hi&ia=web,5
lupus vasculitis,creatine,autoimmune,https://scinapse.io/papers/2082764735,2
lupus vasculitis,creatine,autoimmune,https://scinapse.io/papers/2082764735,2
lupus vasculitis,fish oil,autoimmune,https://duckduckgo.com/?q=%22webmd%22+%22nih%22+supplements+for+lupus+vasculitis&t=hi&ia=web,7
lupus vasculitis,fish oil,autoimmune,https://duckduckgo.com/?q=%22webmd%22+%22nih%22+supplements+for+lupus+vasculitis&t=hi&ia=web,7
lupus vasculitis,fish oil,autoimmune,https://duckduckgo.com/?q=%22webmd%22+%22nih%22+supplements+for+lupus+vasculitis&t=hi&ia=web,7
lupus vasculitis,fish oil,autoimmune,https://duckduckgo.com/?q=%22webmd%22+%22nih%22+supplements+for+lupus+vasculitis&t=hi&ia=web,7
lupus vasculitis,fish,autoimmune,https://duckduckgo.com/?q=%22webmd%22+%22nih%22+supplements+for+lupus+vasculitis&t=hi&ia=web,7
lupus vasculitis,fish oil,autoimmune,https://duckduckgo.com/?q=%22webmd%22+%22nih%22+supplements+for+lupus+vasculitis&t=hi&ia=web,7
lupus vasculitis,oil,autoimmune,https://duckduckgo.com/?q=%22webmd%22+%22nih%22+supplements+for+lupus+vasculitis&t=hi&ia=web,7
lupus vasculitis,tryptophan,autoimmune,https://scinapse.io/papers/2607452034,1
lupus vasculitis,vitamin d,autoimmune,https://forums.webmd.com/3/lupus-exchange/forum/2758/4,3
lupus vasculitis,vitamin d,autoimmune,https://forums.webmd.com/3/lupus-exchange/forum/2758/4,3
lupus vasculitis,vitamin d,autoimmune,https://forums.webmd.com/3/lupus-exchange/forum/2758/4,3
lupus vasculitis,calcium,autoimmune,https://scinapse.io/papers/2203663529,3
lupus vasculitis,calcium,autoimmune,https://scinapse.io/papers/2203663529,3
lupus vasculitis,calcium,autoimmune,https://scinapse.io/papers/2203663529,3
lupus vasculitis,oil,autoimmune,https://www.mayoclinic.org/diseases-conditions/lupus/diagnosis-treatment/drc-20365790,1
lyme disease (chronic),massage,autoimmune,https://duckduckgo.com/?q=%22webmd%22+%22nih%22+supplements+for+lyme+disease+(chronic)&t=hi&ia=web,2
lyme disease (chronic),massage,autoimmune,https://duckduckgo.com/?q=%22webmd%22+%22nih%22+supplements+for+lyme+disease+(chronic)&t=hi&ia=web,2
lyme disease (chronic),massage,autoimmune,https://duckduckgo.com/?q=%22webmd%22+%22nih%22+supplements+for+lyme+disease+(chronic)&t=hi&ia=web,2
lyme disease (chronic),massage,autoimmune,https://duckduckgo.com/?q=%22webmd%22+%22nih%22+supplements+for+lyme+disease+(chronic)&t=hi&ia=web,2
lyme disease (chronic),massage,autoimmune,https://duckduckgo.com/?q=%22webmd%22+%22nih%22+supplements+for+lyme+disease+(chronic)&t=hi&ia=web,2
lyme disease (chronic),massage,autoimmune,https://duckduckgo.com/?q=%22webmd%22+%22nih%22+supplements+for+lyme+disease+(chronic)&t=hi&ia=web,2
lyme disease (chronic),holistic,autoimmune,https://scinapse.io/papers/2171046904,1
lyme disease (chronic),sugar,autoimmune,https://scinapse.io/papers/2570403430,1
lyme disease (chronic),milk,autoimmune,https://scinapse.io/papers/2553331435,1
lyme disease (chronic),caffeine,autoimmune,https://scinapse.io/papers/2122913819,2
lyme disease (chronic),sweeteners,autoimmune,https://scinapse.io/papers/2122913819,2
lyme disease (chronic),vegetables,autoimmune,https://scinapse.io/papers/2141929351,1
lymes disease,superoxide dismutase,joints,https://scinapse.io/papers/1562463165,1
lymes disease,propolis,joints,https://duckduckgo.com/?q=%22webmd%22+%22nih%22+supplements+for+lymes+disease&t=hi&ia=web,1
lymes disease,propolis,joints,https://duckduckgo.com/?q=%22webmd%22+%22nih%22+supplements+for+lymes+disease&t=hi&ia=web,1
lymes disease,propolis,joints,https://duckduckgo.com/?q=%22webmd%22+%22nih%22+supplements+for+lymes+disease&t=hi&ia=web,1
lymes disease,honey,joints,https://www.healingwell.com/community/default.aspx?f=30&m=3333201,2
lymes disease,honey,joints,https://www.healingwell.com/community/default.aspx?f=30&m=3333201,2
lymes disease,same,joints,https://scinapse.io/papers/2126726883,1
lymes disease,same,joints,https://scinapse.io/papers/2742789751,2
lymes disease,beverages,joints,https://scinapse.io/papers/2742789751,2
lymes disease,same,joints,https://scinapse.io/papers/2141592193,1
lymes disease,oil,joints,https://www.mayoclinic.org/diseases-conditions/lupus/diagnosis-treatment/drc-20365790,1
lymphoma - hodgkin's,vegetables,cancers,https://scinapse.io/papers/2010395991,1
lymphoma - hodgkin's,vitamin d,cancers,https://scinapse.io/papers/1976646959,3
lymphoma - hodgkin's,vitamin d,cancers,https://scinapse.io/papers/1976646959,3
lymphoma - hodgkin's,vitamin d,cancers,https://scinapse.io/papers/1976646959,3
lymphoma - hodgkin's,rosemary,cancers,https://scinapse.io/papers/1977957011,2
lymphoma - hodgkin's,rosemary,cancers,https://scinapse.io/papers/1977957011,2
lymphoma - hodgkin's,green tea,cancers,https://duckduckgo.com/?q=%22webmd%22+%22nih%22+alternative+therapies+for+lymphoma+-+hodgkin%27s&t=hi&ia=web,7
lymphoma - hodgkin's,green tea,cancers,https://duckduckgo.com/?q=%22webmd%22+%22nih%22+alternative+therapies+for+lymphoma+-+hodgkin%27s&t=hi&ia=web,7
lymphoma - hodgkin's,green tea,cancers,https://duckduckgo.com/?q=%22webmd%22+%22nih%22+alternative+therapies+for+lymphoma+-+hodgkin%27s&t=hi&ia=web,7
lymphoma - hodgkin's,olive,cancers,https://duckduckgo.com/?q=%22webmd%22+%22nih%22+alternative+therapies+for+lymphoma+-+hodgkin%27s&t=hi&ia=web,7
lymphoma - hodgkin's,milk,cancers,https://duckduckgo.com/?q=%22webmd%22+%22nih%22+alternative+therapies+for+lymphoma+-+hodgkin%27s&t=hi&ia=web,7
lymphoma - hodgkin's,sugar,cancers,https://duckduckgo.com/?q=%22webmd%22+%22nih%22+alternative+therapies+for+lymphoma+-+hodgkin%27s&t=hi&ia=web,7
lymphoma - hodgkin's,tea,cancers,https://duckduckgo.com/?q=%22webmd%22+%22nih%22+alternative+therapies+for+lymphoma+-+hodgkin%27s&t=hi&ia=web,7
lymphoma - hodgkin's,green tea,cancers,https://duckduckgo.com/?q=%22webmd%22+%22nih%22+alternative+therapies+for+lymphoma+-+hodgkin%27s&t=hi&ia=web,7
lymphoma - hodgkin's,green tea,cancers,https://duckduckgo.com/?q=%22webmd%22+%22nih%22+alternative+therapies+for+lymphoma+-+hodgkin%27s&t=hi&ia=web,7
lymphoma - hodgkin's,green tea,cancers,https://duckduckgo.com/?q=%22webmd%22+%22nih%22+alternative+therapies+for+lymphoma+-+hodgkin%27s&t=hi&ia=web,7
lymphoma - hodgkin's,olive,cancers,https://duckduckgo.com/?q=%22webmd%22+%22nih%22+alternative+therapies+for+lymphoma+-+hodgkin%27s&t=hi&ia=web,7
lymphoma - hodgkin's,milk,cancers,https://duckduckgo.com/?q=%22webmd%22+%22nih%22+alternative+therapies+for+lymphoma+-+hodgkin%27s&t=hi&ia=web,7
lymphoma - hodgkin's,sugar,cancers,https://duckduckgo.com/?q=%22webmd%22+%22nih%22+alternative+therapies+for+lymphoma+-+hodgkin%27s&t=hi&ia=web,7
lymphoma - hodgkin's,tea,cancers,https://duckduckgo.com/?q=%22webmd%22+%22nih%22+alternative+therapies+for+lymphoma+-+hodgkin%27s&t=hi&ia=web,7
lymphoma - hodgkin's,green tea,cancers,https://duckduckgo.com/?q=%22webmd%22+%22nih%22+alternative+therapies+for+lymphoma+-+hodgkin%27s&t=hi&ia=web,7
lymphoma - hodgkin's,green tea,cancers,https://duckduckgo.com/?q=%22webmd%22+%22nih%22+alternative+therapies+for+lymphoma+-+hodgkin%27s&t=hi&ia=web,7
lymphoma - hodgkin's,green tea,cancers,https://duckduckgo.com/?q=%22webmd%22+%22nih%22+alternative+therapies+for+lymphoma+-+hodgkin%27s&t=hi&ia=web,7
lymphoma - hodgkin's,olive,cancers,https://duckduckgo.com/?q=%22webmd%22+%22nih%22+alternative+therapies+for+lymphoma+-+hodgkin%27s&t=hi&ia=web,7
lymphoma - hodgkin's,milk,cancers,https://duckduckgo.com/?q=%22webmd%22+%22nih%22+alternative+therapies+for+lymphoma+-+hodgkin%27s&t=hi&ia=web,7
lymphoma - hodgkin's,sugar,cancers,https://duckduckgo.com/?q=%22webmd%22+%22nih%22+alternative+therapies+for+lymphoma+-+hodgkin%27s&t=hi&ia=web,7
lymphoma - hodgkin's,tea,cancers,https://duckduckgo.com/?q=%22webmd%22+%22nih%22+alternative+therapies+for+lymphoma+-+hodgkin%27s&t=hi&ia=web,7
lymphoma - hodgkin's,green tea,cancers,https://duckduckgo.com/?q=%22webmd%22+%22nih%22+alternative+therapies+for+lymphoma+-+hodgkin%27s&t=hi&ia=web,7
lymphoma - hodgkin's,green tea,cancers,https://duckduckgo.com/?q=%22webmd%22+%22nih%22+alternative+therapies+for+lymphoma+-+hodgkin%27s&t=hi&ia=web,7
lymphoma - hodgkin's,green tea,cancers,https://duckduckgo.com/?q=%22webmd%22+%22nih%22+alternative+therapies+for+lymphoma+-+hodgkin%27s&t=hi&ia=web,7
lymphoma - hodgkin's,olive,cancers,https://duckduckgo.com/?q=%22webmd%22+%22nih%22+alternative+therapies+for+lymphoma+-+hodgkin%27s&t=hi&ia=web,7
lymphoma - hodgkin's,milk,cancers,https://duckduckgo.com/?q=%22webmd%22+%22nih%22+alternative+therapies+for+lymphoma+-+hodgkin%27s&t=hi&ia=web,7
lymphoma - hodgkin's,sugar,cancers,https://duckduckgo.com/?q=%22webmd%22+%22nih%22+alternative+therapies+for+lymphoma+-+hodgkin%27s&t=hi&ia=web,7
lymphoma - hodgkin's,tea,cancers,https://duckduckgo.com/?q=%22webmd%22+%22nih%22+alternative+therapies+for+lymphoma+-+hodgkin%27s&t=hi&ia=web,7
lymphoma - non-hodgkin's,same,cancers,https://scinapse.io/papers/2098655421,1
lymphoma - non-hodgkin's,rosemary,cancers,https://scinapse.io/papers/1977957011,2
lymphoma - non-hodgkin's,rosemary,cancers,https://scinapse.io/papers/1977957011,2
lymphoma - non-hodgkin's,green tea,cancers,https://duckduckgo.com/?q=%22webmd%22+%22nih%22+alternative+therapies+for+lymphoma+-+non-hodgkin%27s&t=hi&ia=web,7
lymphoma - non-hodgkin's,green tea,cancers,https://duckduckgo.com/?q=%22webmd%22+%22nih%22+alternative+therapies+for+lymphoma+-+non-hodgkin%27s&t=hi&ia=web,7
lymphoma - non-hodgkin's,green tea,cancers,https://duckduckgo.com/?q=%22webmd%22+%22nih%22+alternative+therapies+for+lymphoma+-+non-hodgkin%27s&t=hi&ia=web,7
lymphoma - non-hodgkin's,olive,cancers,https://duckduckgo.com/?q=%22webmd%22+%22nih%22+alternative+therapies+for+lymphoma+-+non-hodgkin%27s&t=hi&ia=web,7
lymphoma - non-hodgkin's,milk,cancers,https://duckduckgo.com/?q=%22webmd%22+%22nih%22+alternative+therapies+for+lymphoma+-+non-hodgkin%27s&t=hi&ia=web,7
lymphoma - non-hodgkin's,sugar,cancers,https://duckduckgo.com/?q=%22webmd%22+%22nih%22+alternative+therapies+for+lymphoma+-+non-hodgkin%27s&t=hi&ia=web,7
lymphoma - non-hodgkin's,tea,cancers,https://duckduckgo.com/?q=%22webmd%22+%22nih%22+alternative+therapies+for+lymphoma+-+non-hodgkin%27s&t=hi&ia=web,7
lymphoma - non-hodgkin's,green tea,cancers,https://www.organicfacts.net/home-remedies/lymphoma.html,9
lymphoma - non-hodgkin's,green tea,cancers,https://www.organicfacts.net/home-remedies/lymphoma.html,9
lymphoma - non-hodgkin's,green tea,cancers,https://www.organicfacts.net/home-remedies/lymphoma.html,9
lymphoma - non-hodgkin's,olive,cancers,https://www.organicfacts.net/home-remedies/lymphoma.html,9
lymphoma - non-hodgkin's,beverage,cancers,https://www.organicfacts.net/home-remedies/lymphoma.html,9
lymphoma - non-hodgkin's,milk,cancers,https://www.organicfacts.net/home-remedies/lymphoma.html,9
lymphoma - non-hodgkin's,mushrooms,cancers,https://www.organicfacts.net/home-remedies/lymphoma.html,9
lymphoma - non-hodgkin's,sugar,cancers,https://www.organicfacts.net/home-remedies/lymphoma.html,9
lymphoma - non-hodgkin's,tea,cancers,https://www.organicfacts.net/home-remedies/lymphoma.html,9
lymphoma - non-hodgkin's,green tea,cancers,https://duckduckgo.com/?q=%22webmd%22+%22nih%22+alternative+therapies+for+lymphoma+-+non-hodgkin%27s&t=hi&ia=web,7
lymphoma - non-hodgkin's,green tea,cancers,https://duckduckgo.com/?q=%22webmd%22+%22nih%22+alternative+therapies+for+lymphoma+-+non-hodgkin%27s&t=hi&ia=web,7
lymphoma - non-hodgkin's,green tea,cancers,https://duckduckgo.com/?q=%22webmd%22+%22nih%22+alternative+therapies+for+lymphoma+-+non-hodgkin%27s&t=hi&ia=web,7
lymphoma - non-hodgkin's,olive,cancers,https://duckduckgo.com/?q=%22webmd%22+%22nih%22+alternative+therapies+for+lymphoma+-+non-hodgkin%27s&t=hi&ia=web,7
lymphoma - non-hodgkin's,milk,cancers,https://duckduckgo.com/?q=%22webmd%22+%22nih%22+alternative+therapies+for+lymphoma+-+non-hodgkin%27s&t=hi&ia=web,7
lymphoma - non-hodgkin's,sugar,cancers,https://duckduckgo.com/?q=%22webmd%22+%22nih%22+alternative+therapies+for+lymphoma+-+non-hodgkin%27s&t=hi&ia=web,7
lymphoma - non-hodgkin's,tea,cancers,https://duckduckgo.com/?q=%22webmd%22+%22nih%22+alternative+therapies+for+lymphoma+-+non-hodgkin%27s&t=hi&ia=web,7
lymphoma - non-hodgkin's,green tea,cancers,https://duckduckgo.com/?q=%22webmd%22+%22nih%22+alternative+therapies+for+lymphoma+-+non-hodgkin%27s&t=hi&ia=web,7
lymphoma - non-hodgkin's,green tea,cancers,https://duckduckgo.com/?q=%22webmd%22+%22nih%22+alternative+therapies+for+lymphoma+-+non-hodgkin%27s&t=hi&ia=web,7
lymphoma - non-hodgkin's,green tea,cancers,https://duckduckgo.com/?q=%22webmd%22+%22nih%22+alternative+therapies+for+lymphoma+-+non-hodgkin%27s&t=hi&ia=web,7
lymphoma - non-hodgkin's,olive,cancers,https://duckduckgo.com/?q=%22webmd%22+%22nih%22+alternative+therapies+for+lymphoma+-+non-hodgkin%27s&t=hi&ia=web,7
lymphoma - non-hodgkin's,milk,cancers,https://duckduckgo.com/?q=%22webmd%22+%22nih%22+alternative+therapies+for+lymphoma+-+non-hodgkin%27s&t=hi&ia=web,7
lymphoma - non-hodgkin's,sugar,cancers,https://duckduckgo.com/?q=%22webmd%22+%22nih%22+alternative+therapies+for+lymphoma+-+non-hodgkin%27s&t=hi&ia=web,7
lymphoma - non-hodgkin's,tea,cancers,https://duckduckgo.com/?q=%22webmd%22+%22nih%22+alternative+therapies+for+lymphoma+-+non-hodgkin%27s&t=hi&ia=web,7
malignant glioma,sugar,cancers,https://scinapse.io/papers/2052738915,2
malignant glioma,sweeteners,cancers,https://scinapse.io/papers/2052738915,2
malignant glioma,turnover,cancers,https://scinapse.io/papers/2127745150,1
malignant glioma,tyrosine,cancers,https://scinapse.io/papers/2163854624,1
malignant glioma,copper,cancers,https://www.symptoma.com/en/ddx/glioma+stupor,1
malignant glioma,magnetic,cancers,https://scinapse.io/papers/2169424184,1
malignant glioma,stress management,cancers,https://duckduckgo.com/?q=%22webmd%22+%22nih%22+alternative+therapies+for+malignant+glioma&t=hi&ia=web,1
malignant glioma,stress management,cancers,https://duckduckgo.com/?q=%22webmd%22+%22nih%22+alternative+therapies+for+malignant+glioma&t=hi&ia=web,1
malignant glioma,stress management,cancers,https://duckduckgo.com/?q=%22webmd%22+%22nih%22+alternative+therapies+for+malignant+glioma&t=hi&ia=web,1
medullary thyroid cancer,tyrosine,endocrine disorders,https://scinapse.io/papers/1809628153,1
medullary thyroid cancer,thyroid hormone,endocrine disorders,https://www.cancer.gov/types/thyroid/patient/thyroid-treatment-pdq,1
medullary thyroid cancer,thyroid hormone,endocrine disorders,https://scinapse.io/papers/1982263054,2
medullary thyroid cancer,water,endocrine disorders,https://scinapse.io/papers/1982263054,2
melanoma,vitamin d,cancers,https://scinapse.io/papers/2341052325,3
melanoma,vitamin d,cancers,https://scinapse.io/papers/2341052325,3
melanoma,vitamin d,cancers,https://scinapse.io/papers/2341052325,3
melanoma,vitamin d,cancers,https://scinapse.io/papers/1990859291,3
melanoma,vitamin d,cancers,https://scinapse.io/papers/1990859291,3
melanoma,vitamin d,cancers,https://scinapse.io/papers/1990859291,3
melanoma,vitamin d,cancers,https://scinapse.io/papers/2039007578,4
melanoma,vitamin d,cancers,https://scinapse.io/papers/2039007578,4
melanoma,vitamin d,cancers,https://scinapse.io/papers/2039007578,4
melanoma,milk,cancers,https://scinapse.io/papers/2039007578,4
melanoma,beta-carotene,cancers,https://scinapse.io/papers/2114139637,2
melanoma,lycopene,cancers,https://scinapse.io/papers/2114139637,2
melanoma,beta-carotene,cancers,https://scinapse.io/papers/2172021299,1
melanoma,beer,cancers,https://scinapse.io/papers/2559189616,2
melanoma,wine,cancers,https://scinapse.io/papers/2559189616,2
melanoma,green tea,cancers,https://scinapse.io/papers/1975163248,4
melanoma,green tea,cancers,https://scinapse.io/papers/1975163248,4
melanoma,green tea,cancers,https://scinapse.io/papers/1975163248,4
melanoma,tea,cancers,https://scinapse.io/papers/1975163248,4
melanoma,arsenic,cancers,https://scinapse.io/papers/2072110196,2
melanoma,water,cancers,https://scinapse.io/papers/2072110196,2
melanoma,magnesium,cancers,https://scinapse.io/papers/2586872550,2
melanoma,water,cancers,https://scinapse.io/papers/2586872550,2
melanoma,same,cancers,https://scinapse.io/papers/2038816087,1
melanoma,fish,cancers,https://scinapse.io/papers/2061410866,1
mnire's disease,vitamin d,autoimmune,https://scinapse.io/papers/2115307192,3
mnire's disease,vitamin d,autoimmune,https://scinapse.io/papers/2115307192,3
mnire's disease,vitamin d,autoimmune,https://scinapse.io/papers/2115307192,3
mnire's disease,ephedra,autoimmune,https://scinapse.io/papers/2088029128,2
mnire's disease,ephedra,autoimmune,https://scinapse.io/papers/2088029128,2
mnire's disease,vitamin e,autoimmune,https://scinapse.io/papers/2007907162,2
mnire's disease,vitamin e,autoimmune,https://scinapse.io/papers/2007907162,2
mnire's disease,copper,autoimmune,https://scinapse.io/papers/2015726495,1
mnire's disease,dandelion,autoimmune,https://scinapse.io/papers/2746375425,5
mnire's disease,phosphatidylcholine,autoimmune,https://scinapse.io/papers/2746375425,5
mnire's disease,resveratrol,autoimmune,https://scinapse.io/papers/2746375425,5
mnire's disease,beverage,autoimmune,https://scinapse.io/papers/2746375425,5
mnire's disease,water,autoimmune,https://scinapse.io/papers/2746375425,5
meningioma,same,cancers,https://scinapse.io/papers/2105793195,1
meningioma,alcoholic beverages,cancers,https://scinapse.io/papers/107336417,3
meningioma,beverages,cancers,https://scinapse.io/papers/107336417,3
meningioma,vegetables,cancers,https://scinapse.io/papers/107336417,3
meningioma,flaxseed,cancers,https://www.reddit.com/r/keto/comments/34du5g/i_was_recently_diagnosed_with_benign_brain_tumor/,4
meningioma,cheese,cancers,https://www.reddit.com/r/keto/comments/34du5g/i_was_recently_diagnosed_with_benign_brain_tumor/,4
meningioma,sugar,cancers,https://www.reddit.com/r/keto/comments/34du5g/i_was_recently_diagnosed_with_benign_brain_tumor/,4
meningioma,keto,cancers,https://www.reddit.com/r/keto/comments/34du5g/i_was_recently_diagnosed_with_benign_brain_tumor/,4
meningioma,chamomile,cancers,https://www.wowremedies.com/best-essential-oils-for-nerve-pain/,5
meningioma,cumin,cancers,https://www.wowremedies.com/best-essential-oils-for-nerve-pain/,5
meningioma,eucalyptus,cancers,https://www.wowremedies.com/best-essential-oils-for-nerve-pain/,5
meningioma,german chamomile,cancers,https://www.wowremedies.com/best-essential-oils-for-nerve-pain/,5
meningioma,oil,cancers,https://www.wowremedies.com/best-essential-oils-for-nerve-pain/,5
menopause,calcium,endocrine disorders,https://scinapse.io/papers/2145946809,6
menopause,calcium,endocrine disorders,https://scinapse.io/papers/2145946809,6
menopause,calcium,endocrine disorders,https://scinapse.io/papers/2145946809,6
menopause,vitamin d,endocrine disorders,https://scinapse.io/papers/2145946809,6
menopause,vitamin d,endocrine disorders,https://scinapse.io/papers/2145946809,6
menopause,vitamin d,endocrine disorders,https://scinapse.io/papers/2145946809,6
menopause,milk thistle,endocrine disorders,https://scinapse.io/papers/2205754118,2
menopause,milk,endocrine disorders,https://scinapse.io/papers/2205754118,2
menopause,quercetin,endocrine disorders,https://scinapse.io/papers/2030132546,2
menopause,seeds,endocrine disorders,https://scinapse.io/papers/2030132546,2
menopause,black cohosh,endocrine disorders,https://scinapse.io/papers/2070158101,2
menopause,red clover,endocrine disorders,https://scinapse.io/papers/2070158101,2
menopause,calcium,endocrine disorders,https://scinapse.io/papers/2062934439,3
menopause,calcium,endocrine disorders,https://scinapse.io/papers/2062934439,3
menopause,calcium,endocrine disorders,https://scinapse.io/papers/2062934439,3
menopause,fish oil,endocrine disorders,https://scinapse.io/papers/2114577231,7
menopause,fish oil,endocrine disorders,https://scinapse.io/papers/2114577231,7
menopause,fish oil,endocrine disorders,https://scinapse.io/papers/2114577231,7
menopause,fish oil,endocrine disorders,https://scinapse.io/papers/2114577231,7
menopause,fish,endocrine disorders,https://scinapse.io/papers/2114577231,7
menopause,fish oil,endocrine disorders,https://scinapse.io/papers/2114577231,7
menopause,oil,endocrine disorders,https://scinapse.io/papers/2114577231,7
menopause,coffee,endocrine disorders,https://scinapse.io/papers/2757243785,1
menopause,vegetarian,endocrine disorders,https://scinapse.io/papers/2136848797,1
menopause,same,endocrine disorders,https://scinapse.io/papers/2121480748,2
menopause,beverages,endocrine disorders,https://scinapse.io/papers/2121480748,2
menopause,beans,endocrine disorders,https://duckduckgo.com/?q=%22webmd%22+%22nih%22+food+and+drinks+for+menopause&t=hi&ia=web,2
menopause,nuts,endocrine disorders,https://duckduckgo.com/?q=%22webmd%22+%22nih%22+food+and+drinks+for+menopause&t=hi&ia=web,2
menopause,beans,endocrine disorders,https://duckduckgo.com/?q=%22webmd%22+%22nih%22+food+and+drinks+for+menopause&t=hi&ia=web,2
menopause,nuts,endocrine disorders,https://duckduckgo.com/?q=%22webmd%22+%22nih%22+food+and+drinks+for+menopause&t=hi&ia=web,2
menopause,beans,endocrine disorders,https://duckduckgo.com/?q=%22webmd%22+%22nih%22+food+and+drinks+for+menopause&t=hi&ia=web,2
menopause,nuts,endocrine disorders,https://duckduckgo.com/?q=%22webmd%22+%22nih%22+food+and+drinks+for+menopause&t=hi&ia=web,2
menopause,beans,endocrine disorders,https://duckduckgo.com/?q=%22webmd%22+%22nih%22+food+and+drinks+for+menopause&t=hi&ia=web,2
menopause,nuts,endocrine disorders,https://duckduckgo.com/?q=%22webmd%22+%22nih%22+food+and+drinks+for+menopause&t=hi&ia=web,2
menopause,vitamin e,endocrine disorders,https://scinapse.io/papers/2087184297,5
menopause,vitamin e,endocrine disorders,https://scinapse.io/papers/2087184297,5
menopause,reflexology,endocrine disorders,https://scinapse.io/papers/2087184297,5
menopause,reflexology,endocrine disorders,https://scinapse.io/papers/2087184297,5
menopause,reflexology,endocrine disorders,https://scinapse.io/papers/2087184297,5
menopause,soy,endocrine disorders,https://scinapse.io/papers/2031612057,4
menopause,acupuncture,endocrine disorders,https://scinapse.io/papers/2031612057,4
menopause,acupuncture,endocrine disorders,https://scinapse.io/papers/2031612057,4
menopause,acupuncture,endocrine disorders,https://scinapse.io/papers/2031612057,4
menopause,soy,endocrine disorders,https://scinapse.io/papers/2114368286,6
menopause,vitamin e,endocrine disorders,https://scinapse.io/papers/2114368286,6
menopause,vitamin e,endocrine disorders,https://scinapse.io/papers/2114368286,6
menopause,reflexology,endocrine disorders,https://scinapse.io/papers/2114368286,6
menopause,reflexology,endocrine disorders,https://scinapse.io/papers/2114368286,6
menopause,reflexology,endocrine disorders,https://scinapse.io/papers/2114368286,6
menopause,yoga,endocrine disorders,https://scinapse.io/papers/2115749635,4
menopause,yoga,endocrine disorders,https://scinapse.io/papers/2115749635,4
menopause,yoga,endocrine disorders,https://scinapse.io/papers/2115749635,4
menopause,yoga,endocrine disorders,https://scinapse.io/papers/2115749635,4
menopause,soy,endocrine disorders,https://scinapse.io/papers/2140191831,3
menopause,vitamin e,endocrine disorders,https://scinapse.io/papers/2140191831,3
menopause,vitamin e,endocrine disorders,https://scinapse.io/papers/2140191831,3
menopause,reflexology,endocrine disorders,https://scinapse.io/papers/2053956876,3
menopause,reflexology,endocrine disorders,https://scinapse.io/papers/2053956876,3
menopause,reflexology,endocrine disorders,https://scinapse.io/papers/2053956876,3
menopause,tai chi,endocrine disorders,https://www.mayoclinic.org/diseases-conditions/menopause/diagnosis-treatment/drc-20353401,6
menopause,yoga,endocrine disorders,https://www.mayoclinic.org/diseases-conditions/menopause/diagnosis-treatment/drc-20353401,6
menopause,yoga,endocrine disorders,https://www.mayoclinic.org/diseases-conditions/menopause/diagnosis-treatment/drc-20353401,6
menopause,tai chi,endocrine disorders,https://www.mayoclinic.org/diseases-conditions/menopause/diagnosis-treatment/drc-20353401,6
menopause,yoga,endocrine disorders,https://www.mayoclinic.org/diseases-conditions/menopause/diagnosis-treatment/drc-20353401,6
menopause,yoga,endocrine disorders,https://www.mayoclinic.org/diseases-conditions/menopause/diagnosis-treatment/drc-20353401,6
metabolic syndrome,chromium,endocrine disorders,https://scinapse.io/papers/2589014217,4
metabolic syndrome,chromium,endocrine disorders,https://scinapse.io/papers/2589014217,4
metabolic syndrome,selenium,endocrine disorders,https://scinapse.io/papers/2589014217,4
metabolic syndrome,selenium,endocrine disorders,https://scinapse.io/papers/2589014217,4
metabolic syndrome,rice bran,endocrine disorders,https://scinapse.io/papers/1533117723,3
metabolic syndrome,rice,endocrine disorders,https://scinapse.io/papers/1533117723,3
metabolic syndrome,rice bran,endocrine disorders,https://scinapse.io/papers/1533117723,3
metabolic syndrome,coffee,endocrine disorders,https://scinapse.io/papers/2592338368,2
metabolic syndrome,beverage,endocrine disorders,https://scinapse.io/papers/2592338368,2
metabolic syndrome,calcium,endocrine disorders,https://scinapse.io/papers/1968712284,4
metabolic syndrome,calcium,endocrine disorders,https://scinapse.io/papers/1968712284,4
metabolic syndrome,calcium,endocrine disorders,https://scinapse.io/papers/1968712284,4
metabolic syndrome,potassium,endocrine disorders,https://scinapse.io/papers/1968712284,4
metabolic syndrome,potassium,endocrine disorders,https://scinapse.io/papers/2129540019,1
metabolic syndrome,inulin,endocrine disorders,https://scinapse.io/papers/2156671657,1
metabolic syndrome,flaxseed,endocrine disorders,https://scinapse.io/papers/2147900118,4
metabolic syndrome,flaxseed oil,endocrine disorders,https://scinapse.io/papers/2147900118,4
metabolic syndrome,flaxseed oil,endocrine disorders,https://scinapse.io/papers/2147900118,4
metabolic syndrome,oil,endocrine disorders,https://scinapse.io/papers/2147900118,4
metabolic syndrome,magnesium,endocrine disorders,https://scinapse.io/papers/2795288350,3
metabolic syndrome,vitamin e,endocrine disorders,https://scinapse.io/papers/2795288350,3
metabolic syndrome,vitamin e,endocrine disorders,https://scinapse.io/papers/2795288350,3
metabolic syndrome,yoga,endocrine disorders,https://www.mayoclinic.org/diseases-conditions/metabolic-syndrome/diagnosis-treatment/drc-20351921,8
metabolic syndrome,yoga,endocrine disorders,https://www.mayoclinic.org/diseases-conditions/metabolic-syndrome/diagnosis-treatment/drc-20351921,8
metabolic syndrome,yoga,endocrine disorders,https://www.mayoclinic.org/diseases-conditions/metabolic-syndrome/diagnosis-treatment/drc-20351921,8
metabolic syndrome,yoga,endocrine disorders,https://www.mayoclinic.org/diseases-conditions/metabolic-syndrome/diagnosis-treatment/drc-20351921,8
metabolic syndrome,beverages,endocrine disorders,https://www.mayoclinic.org/diseases-conditions/metabolic-syndrome/diagnosis-treatment/drc-20351921,8
metabolic syndrome,salt,endocrine disorders,https://www.mayoclinic.org/diseases-conditions/metabolic-syndrome/diagnosis-treatment/drc-20351921,8
metabolic syndrome,sugar,endocrine disorders,https://www.mayoclinic.org/diseases-conditions/metabolic-syndrome/diagnosis-treatment/drc-20351921,8
metabolic syndrome,vegetables,endocrine disorders,https://www.mayoclinic.org/diseases-conditions/metabolic-syndrome/diagnosis-treatment/drc-20351921,8
metabolic syndrome,milk,endocrine disorders,https://www.liversupport.com/the-natural-supplement-for-metabolic-health/,1
metabolic syndrome,same,endocrine disorders,https://scinapse.io/papers/2027186577,1
metabolic syndrome,sweeteners,endocrine disorders,https://scinapse.io/papers/951885618,1
metabolic syndrome,beverages,endocrine disorders,https://scinapse.io/papers/2086730826,1
metabolic syndrome,calcium,endocrine disorders,https://scinapse.io/papers/2084415725,4
metabolic syndrome,calcium,endocrine disorders,https://scinapse.io/papers/2084415725,4
metabolic syndrome,calcium,endocrine disorders,https://scinapse.io/papers/2084415725,4
metabolic syndrome,cheese,endocrine disorders,https://scinapse.io/papers/2084415725,4
metabolic syndrome,nuts,endocrine disorders,https://scinapse.io/papers/1990539124,1
metabolic syndrome,sweetener,endocrine disorders,https://scinapse.io/papers/2065370941,1
metabolic syndrome,chromium,endocrine disorders,https://www.webmd.com/diabetes/natural-remedies-type-2-diabetes#1,2
metabolic syndrome,chromium,endocrine disorders,https://www.webmd.com/diabetes/natural-remedies-type-2-diabetes#1,2
microscopic colitis,probiotic,autoimmune,https://scinapse.io/papers/2095073021,3
microscopic colitis,saccharomyces boulardii,autoimmune,https://scinapse.io/papers/2095073021,3
microscopic colitis,lamb,autoimmune,https://scinapse.io/papers/2095073021,3
microscopic colitis,cabbage,autoimmune,https://scinapse.io/papers/776363788,2
microscopic colitis,cabbage,autoimmune,https://scinapse.io/papers/776363788,2
microscopic colitis,glutamine,autoimmune,https://scinapse.io/papers/2085637472,2
microscopic colitis,cheese,autoimmune,https://scinapse.io/papers/2085637472,2
microscopic colitis,beverages,autoimmune,https://scinapse.io/papers/2100358461,1
microscopic colitis,lithium,autoimmune,https://scinapse.io/papers/1860729650,2
microscopic colitis,egg,autoimmune,https://scinapse.io/papers/1860729650,2
microscopic colitis,rice bran,autoimmune,https://scinapse.io/papers/2567072164,4
microscopic colitis,rice,autoimmune,https://scinapse.io/papers/2567072164,4
microscopic colitis,rice bran,autoimmune,https://scinapse.io/papers/2567072164,4
microscopic colitis,vegetables,autoimmune,https://scinapse.io/papers/2567072164,4
microscopic colitis,olive,autoimmune,https://scinapse.io/papers/2062066665,2
microscopic colitis,oil,autoimmune,https://scinapse.io/papers/2062066665,2
microscopic colitis,milk,autoimmune,https://www.medicinenet.com/lymphocytic_colitis/article.htm,1
microscopic colitis,probiotic,autoimmune,https://scinapse.io/papers/2081135453,1
microscopic colitis,coffee,autoimmune,https://forums.webmd.com/3/digestive-disorders-exchange/forum/3481/14,7
microscopic colitis,probiotic,autoimmune,https://forums.webmd.com/3/digestive-disorders-exchange/forum/3481/14,7
microscopic colitis,acupuncture,autoimmune,https://forums.webmd.com/3/digestive-disorders-exchange/forum/3481/14,7
microscopic colitis,acupuncture,autoimmune,https://forums.webmd.com/3/digestive-disorders-exchange/forum/3481/14,7
microscopic colitis,acupuncture,autoimmune,https://forums.webmd.com/3/digestive-disorders-exchange/forum/3481/14,7
microscopic colitis,water,autoimmune,https://forums.webmd.com/3/digestive-disorders-exchange/forum/3481/14,7
microscopic colitis,gluten-free,autoimmune,https://forums.webmd.com/3/digestive-disorders-exchange/forum/3481/14,7
microscopic polyangiitis,magnetic,autoimmune,https://scinapse.io/papers/1927594947,1
microscopic polyangiitis,chondroitin sulfate,autoimmune,https://scinapse.io/papers/2127648126,2
microscopic polyangiitis,chondroitin sulfate,autoimmune,https://scinapse.io/papers/2127648126,2
microscopic polyangiitis,calcium,autoimmune,http://www.savageandsoldier.com/rallyblog/archives/000284.html,19
microscopic polyangiitis,ginseng,autoimmune,http://www.savageandsoldier.com/rallyblog/archives/000284.html,19
microscopic polyangiitis,acai,autoimmune,http://www.savageandsoldier.com/rallyblog/archives/000284.html,19
microscopic polyangiitis,apricot,autoimmune,http://www.savageandsoldier.com/rallyblog/archives/000284.html,19
microscopic polyangiitis,calcium,autoimmune,http://www.savageandsoldier.com/rallyblog/archives/000284.html,19
microscopic polyangiitis,calcium,autoimmune,http://www.savageandsoldier.com/rallyblog/archives/000284.html,19
microscopic polyangiitis,celery,autoimmune,http://www.savageandsoldier.com/rallyblog/archives/000284.html,19
microscopic polyangiitis,ginseng,autoimmune,http://www.savageandsoldier.com/rallyblog/archives/000284.html,19
microscopic polyangiitis,ginseng,autoimmune,http://www.savageandsoldier.com/rallyblog/archives/000284.html,19
microscopic polyangiitis,hoodia,autoimmune,http://www.savageandsoldier.com/rallyblog/archives/000284.html,19
microscopic polyangiitis,neem,autoimmune,http://www.savageandsoldier.com/rallyblog/archives/000284.html,19
microscopic polyangiitis,oats,autoimmune,http://www.savageandsoldier.com/rallyblog/archives/000284.html,19
microscopic polyangiitis,rutin,autoimmune,http://www.savageandsoldier.com/rallyblog/archives/000284.html,19
microscopic polyangiitis,vitamin b,autoimmune,http://www.savageandsoldier.com/rallyblog/archives/000284.html,19
microscopic polyangiitis,vitamin d,autoimmune,http://www.savageandsoldier.com/rallyblog/archives/000284.html,19
microscopic polyangiitis,vitamin d,autoimmune,http://www.savageandsoldier.com/rallyblog/archives/000284.html,19
microscopic polyangiitis,vitamin d,autoimmune,http://www.savageandsoldier.com/rallyblog/archives/000284.html,19
microscopic polyangiitis,butter,autoimmune,http://www.savageandsoldier.com/rallyblog/archives/000284.html,19
microscopic polyangiitis,celery,autoimmune,http://www.savageandsoldier.com/rallyblog/archives/000284.html,19
mixed connective tissue disease,black seed,autoimmune,https://www.webmd.com/vitamins-supplements/ingredientreview-901-BLACK+SEED.aspx?pageIndex=2&sortby=3&conditionFilter=-500,3
mixed connective tissue disease,black seed,autoimmune,https://www.webmd.com/vitamins-supplements/ingredientreview-901-BLACK+SEED.aspx?pageIndex=2&sortby=3&conditionFilter=-500,3
mixed connective tissue disease,oil,autoimmune,https://www.webmd.com/vitamins-supplements/ingredientreview-901-BLACK+SEED.aspx?pageIndex=2&sortby=3&conditionFilter=-500,3
mixed connective tissue disease,coffee,autoimmune,https://scinapse.io/papers/2125707964,2
mixed connective tissue disease,same,autoimmune,https://scinapse.io/papers/2125707964,2
mixed connective tissue disease,same,autoimmune,https://forums.webmd.com/3/rheumatoid-arthritis-exchange/forum/713,5
mixed connective tissue disease,yoga,autoimmune,https://forums.webmd.com/3/rheumatoid-arthritis-exchange/forum/713,5
mixed connective tissue disease,yoga,autoimmune,https://forums.webmd.com/3/rheumatoid-arthritis-exchange/forum/713,5
mixed connective tissue disease,yoga,autoimmune,https://forums.webmd.com/3/rheumatoid-arthritis-exchange/forum/713,5
mixed connective tissue disease,yoga,autoimmune,https://forums.webmd.com/3/rheumatoid-arthritis-exchange/forum/713,5
mixed connective tissue disease,black seed,autoimmune,https://www.webmd.com/vitamins-supplements/ingredientreview-901-BLACK+SEED.aspx?pageIndex=2&sortby=3&conditionFilter=-500,3
mixed connective tissue disease,black seed,autoimmune,https://www.webmd.com/vitamins-supplements/ingredientreview-901-BLACK+SEED.aspx?pageIndex=2&sortby=3&conditionFilter=-500,3
mixed connective tissue disease,oil,autoimmune,https://www.webmd.com/vitamins-supplements/ingredientreview-901-BLACK+SEED.aspx?pageIndex=2&sortby=3&conditionFilter=-500,3
mood disorders,flaxseed,mental,https://scinapse.io/papers/2607992798,1
mood disorders,lithium,mental,https://scinapse.io/papers/2800064120,1
mood disorders,vitamin e,mental,https://forums.webmd.com/3/organ-transplant-exchange/forum/61/29,3
mood disorders,vitamin e,mental,https://forums.webmd.com/3/organ-transplant-exchange/forum/61/29,3
mood disorders,nutritional supplements,mental,https://forums.webmd.com/3/organ-transplant-exchange/forum/61/29,3
mood disorders,yoga,mental,https://scinapse.io/papers/1977854880,4
mood disorders,yoga,mental,https://scinapse.io/papers/1977854880,4
mood disorders,yoga,mental,https://scinapse.io/papers/1977854880,4
mood disorders,yoga,mental,https://scinapse.io/papers/1977854880,4
mood disorders,yoga,mental,https://scinapse.io/papers/2129643406,8
mood disorders,acupuncture,mental,https://scinapse.io/papers/2129643406,8
mood disorders,acupuncture,mental,https://scinapse.io/papers/2129643406,8
mood disorders,acupuncture,mental,https://scinapse.io/papers/2129643406,8
mood disorders,yoga,mental,https://scinapse.io/papers/2129643406,8
mood disorders,yoga,mental,https://scinapse.io/papers/2129643406,8
mood disorders,yoga,mental,https://scinapse.io/papers/2129643406,8
mood disorders,fish,mental,https://scinapse.io/papers/2129643406,8
mooren's ulcer,grape seed,autoimmune,https://healingglobe.wordpress.com/2016/,16
mooren's ulcer,coconut oil,autoimmune,https://healingglobe.wordpress.com/2016/,16
mooren's ulcer,avocado,autoimmune,https://healingglobe.wordpress.com/2016/,16
mooren's ulcer,coconut oil,autoimmune,https://healingglobe.wordpress.com/2016/,16
mooren's ulcer,grape,autoimmune,https://healingglobe.wordpress.com/2016/,16
mooren's ulcer,huperzine a,autoimmune,https://healingglobe.wordpress.com/2016/,16
mooren's ulcer,macadamia nut,autoimmune,https://healingglobe.wordpress.com/2016/,16
mooren's ulcer,marjoram,autoimmune,https://healingglobe.wordpress.com/2016/,16
mooren's ulcer,olive,autoimmune,https://healingglobe.wordpress.com/2016/,16
mooren's ulcer,energy medicine,autoimmune,https://healingglobe.wordpress.com/2016/,16
mooren's ulcer,kinesiology,autoimmune,https://healingglobe.wordpress.com/2016/,16
mooren's ulcer,avocados,autoimmune,https://healingglobe.wordpress.com/2016/,16
mooren's ulcer,butter,autoimmune,https://healingglobe.wordpress.com/2016/,16
mooren's ulcer,egg,autoimmune,https://healingglobe.wordpress.com/2016/,16
mooren's ulcer,oil,autoimmune,https://healingglobe.wordpress.com/2016/,16
mooren's ulcer,sugar,autoimmune,https://healingglobe.wordpress.com/2016/,16
mooren's ulcer,same,autoimmune,https://scinapse.io/papers/2131601300,1
mooren's ulcer,iodine,autoimmune,https://scinapse.io/papers/2081614819,1
mooren's ulcer,juice,autoimmune,https://scinapse.io/papers/2141159677,1
mooren's ulcer,tyrosine,autoimmune,https://duckduckgo.com/?q=%22webmd%22+%22nih%22+alternative+therapies+for+mooren%27s+ulcer&t=hi&ia=web,1
mooren's ulcer,tyrosine,autoimmune,https://duckduckgo.com/?q=%22webmd%22+%22nih%22+alternative+therapies+for+mooren%27s+ulcer&t=hi&ia=web,1
mooren's ulcer,tyrosine,autoimmune,https://duckduckgo.com/?q=%22webmd%22+%22nih%22+alternative+therapies+for+mooren%27s+ulcer&t=hi&ia=web,1
mooren's ulcer,tyrosine,autoimmune,https://duckduckgo.com/?q=%22webmd%22+%22nih%22+alternative+therapies+for+mooren%27s+ulcer&t=hi&ia=web,1
morphea,coconut oil,autoimmune,https://www.pinterest.com/bfabuluz/pfd-pelvic-floor-dysfunction/,4
morphea,coconut oil,autoimmune,https://www.pinterest.com/bfabuluz/pfd-pelvic-floor-dysfunction/,4
morphea,oil,autoimmune,https://www.pinterest.com/bfabuluz/pfd-pelvic-floor-dysfunction/,4
morphea,quinoa,autoimmune,https://www.pinterest.com/bfabuluz/pfd-pelvic-floor-dysfunction/,4
morphea,bread,autoimmune,https://www.pinterest.com/AlzVL/therapies/,1
mucha-habermann disease,calcium,autoimmune,https://www.pinterest.com.au/pin/615163630332809145/,7
mucha-habermann disease,calcium,autoimmune,https://www.pinterest.com.au/pin/615163630332809145/,7
mucha-habermann disease,calcium,autoimmune,https://www.pinterest.com.au/pin/615163630332809145/,7
mucha-habermann disease,magnesium,autoimmune,https://www.pinterest.com.au/pin/615163630332809145/,7
mucha-habermann disease,nerve root,autoimmune,https://www.pinterest.com.au/pin/615163630332809145/,7
mucha-habermann disease,meditation,autoimmune,https://www.pinterest.com.au/pin/615163630332809145/,7
mucha-habermann disease,meditation,autoimmune,https://www.pinterest.com.au/pin/615163630332809145/,7
mucha-habermann disease,tyrosine,autoimmune,https://duckduckgo.com/?q=%22webmd%22+%22nih%22+alternative+therapies+for+mucha-habermann+disease&t=hi&ia=web,2
mucha-habermann disease,iridology,autoimmune,https://duckduckgo.com/?q=%22webmd%22+%22nih%22+alternative+therapies+for+mucha-habermann+disease&t=hi&ia=web,2
mucha-habermann disease,tyrosine,autoimmune,https://duckduckgo.com/?q=%22webmd%22+%22nih%22+alternative+therapies+for+mucha-habermann+disease&t=hi&ia=web,2
mucha-habermann disease,iridology,autoimmune,https://duckduckgo.com/?q=%22webmd%22+%22nih%22+alternative+therapies+for+mucha-habermann+disease&t=hi&ia=web,2
mucha-habermann disease,scd,autoimmune,https://www.science.gov/topicpages/h/heart+disease+achd.html,1
multiple myeloma,calcium,cancers,https://forums.webmd.com/3/food-and-cooking-exchange/forum/1526?pg=1,12
multiple myeloma,calcium,cancers,https://forums.webmd.com/3/food-and-cooking-exchange/forum/1526?pg=1,12
multiple myeloma,calcium,cancers,https://forums.webmd.com/3/food-and-cooking-exchange/forum/1526?pg=1,12
multiple myeloma,garlic,cancers,https://forums.webmd.com/3/food-and-cooking-exchange/forum/1526?pg=1,12
multiple myeloma,garlic,cancers,https://forums.webmd.com/3/food-and-cooking-exchange/forum/1526?pg=1,12
multiple myeloma,garlic,cancers,https://forums.webmd.com/3/food-and-cooking-exchange/forum/1526?pg=1,12
multiple myeloma,vitamin d,cancers,https://forums.webmd.com/3/food-and-cooking-exchange/forum/1526?pg=1,12
multiple myeloma,vitamin d,cancers,https://forums.webmd.com/3/food-and-cooking-exchange/forum/1526?pg=1,12
multiple myeloma,vitamin d,cancers,https://forums.webmd.com/3/food-and-cooking-exchange/forum/1526?pg=1,12
multiple myeloma,bacon,cancers,https://forums.webmd.com/3/food-and-cooking-exchange/forum/1526?pg=1,12
multiple myeloma,garlic,cancers,https://forums.webmd.com/3/food-and-cooking-exchange/forum/1526?pg=1,12
multiple myeloma,quinoa,cancers,https://forums.webmd.com/3/food-and-cooking-exchange/forum/1526?pg=1,12
multiple myeloma,vegetables,cancers,https://www.myelomacrowd.org/malnutrition-among-cancer-patients/,1
multiple myeloma,bear,cancers,https://scinapse.io/papers/2528329272,1
multiple sclerosis,same,autoimmune,https://scinapse.io/papers/2800673581,2
multiple sclerosis,tryptophan,autoimmune,https://scinapse.io/papers/2800673581,2
multiple sclerosis,vitamin d,autoimmune,https://scinapse.io/papers/2418505775,3
multiple sclerosis,vitamin d,autoimmune,https://scinapse.io/papers/2418505775,3
multiple sclerosis,vitamin d,autoimmune,https://scinapse.io/papers/2418505775,3
multiple sclerosis,same,autoimmune,https://scinapse.io/papers/2398356415,2
multiple sclerosis,taurine,autoimmune,https://scinapse.io/papers/2398356415,2
multiple sclerosis,potassium,autoimmune,https://scinapse.io/papers/2735109250,2
multiple sclerosis,beverage,autoimmune,https://scinapse.io/papers/2735109250,2
multiple sclerosis,magnetic,autoimmune,https://scinapse.io/papers/2588292672,1
multiple sclerosis,melatonin,autoimmune,https://forums.webmd.com/3/multiple-sclerosis-exchange/forum/4732/2,1
multiple sclerosis,magnetic,autoimmune,https://scinapse.io/papers/1993335395,1
multiple sclerosis,biotin,autoimmune,https://scinapse.io/papers/1943010815,1
multiple sclerosis,cannabis,autoimmune,https://scinapse.io/papers/2125672769,2
multiple sclerosis,ginkgo,autoimmune,https://scinapse.io/papers/2125672769,2
multiple sclerosis,melatonin,autoimmune,https://forums.webmd.com/3/multiple-sclerosis-exchange/forum/5148,1
multiple sclerosis,melatonin,autoimmune,https://forums.webmd.com/3/multiple-sclerosis-exchange/forum/5148/1,1
myasthenia gravis,curcumin,autoimmune,https://scinapse.io/papers/163712722,1
myasthenia gravis,same,autoimmune,https://scinapse.io/papers/2107171010,1
myasthenia gravis,same,autoimmune,https://forums.webmd.com/3/pain-management-exchange/forum/6039,1
myasthenia gravis,thyroid hormone,autoimmune,https://scinapse.io/papers/1488897968,1
myelodysplastic syndrome (mds),vitamin c,cancers,https://goodnewshealthandfitness.wordpress.com/category/blood/,15
myelodysplastic syndrome (mds),aloe,cancers,https://goodnewshealthandfitness.wordpress.com/category/blood/,15
myelodysplastic syndrome (mds),chlorella,cancers,https://goodnewshealthandfitness.wordpress.com/category/blood/,15
myelodysplastic syndrome (mds),chlorophyll,cancers,https://goodnewshealthandfitness.wordpress.com/category/blood/,15
myelodysplastic syndrome (mds),garlic,cancers,https://goodnewshealthandfitness.wordpress.com/category/blood/,15
myelodysplastic syndrome (mds),garlic,cancers,https://goodnewshealthandfitness.wordpress.com/category/blood/,15
myelodysplastic syndrome (mds),garlic,cancers,https://goodnewshealthandfitness.wordpress.com/category/blood/,15
myelodysplastic syndrome (mds),iron,cancers,https://goodnewshealthandfitness.wordpress.com/category/blood/,15
myelodysplastic syndrome (mds),kiwi,cancers,https://goodnewshealthandfitness.wordpress.com/category/blood/,15
myelodysplastic syndrome (mds),same,cancers,https://goodnewshealthandfitness.wordpress.com/category/blood/,15
myelodysplastic syndrome (mds),beans,cancers,https://goodnewshealthandfitness.wordpress.com/category/blood/,15
myelodysplastic syndrome (mds),eggs,cancers,https://goodnewshealthandfitness.wordpress.com/category/blood/,15
myelodysplastic syndrome (mds),garlic,cancers,https://goodnewshealthandfitness.wordpress.com/category/blood/,15
myelodysplastic syndrome (mds),salt,cancers,https://goodnewshealthandfitness.wordpress.com/category/blood/,15
myelodysplastic syndrome (mds),sugars,cancers,https://goodnewshealthandfitness.wordpress.com/category/blood/,15
myocarditis,magnetic,autoimmune,https://www.ncbi.nlm.nih.gov/pmc/articles/PMC2770911/,1
myocarditis,iron,autoimmune,http://www.pamf.org/youngadults/health/diseases/anti-inflammatory.html,5
myocarditis,guided imagery,autoimmune,http://www.pamf.org/youngadults/health/diseases/anti-inflammatory.html,5
myocarditis,acupuncture,autoimmune,http://www.pamf.org/youngadults/health/diseases/anti-inflammatory.html,5
myocarditis,acupuncture,autoimmune,http://www.pamf.org/youngadults/health/diseases/anti-inflammatory.html,5
myocarditis,acupuncture,autoimmune,http://www.pamf.org/youngadults/health/diseases/anti-inflammatory.html,5
myocarditis,pycnogenol,autoimmune,https://duckduckgo.com/?q=%22webmd%22+%22nih%22+alternative+therapies+for+myocarditis&t=hi&ia=web,1
myocarditis,pycnogenol,autoimmune,https://duckduckgo.com/?q=%22webmd%22+%22nih%22+alternative+therapies+for+myocarditis&t=hi&ia=web,1
myocarditis,pycnogenol,autoimmune,https://duckduckgo.com/?q=%22webmd%22+%22nih%22+alternative+therapies+for+myocarditis&t=hi&ia=web,1
myositis,pilates,autoimmune,https://duckduckgo.com/?q=%22webmd%22+%22nih%22+alternative+therapies+for+myositis&t=hi&ia=web,4
myositis,massage,autoimmune,https://duckduckgo.com/?q=%22webmd%22+%22nih%22+alternative+therapies+for+myositis&t=hi&ia=web,4
myositis,pilates,autoimmune,https://duckduckgo.com/?q=%22webmd%22+%22nih%22+alternative+therapies+for+myositis&t=hi&ia=web,4
myositis,massage,autoimmune,https://duckduckgo.com/?q=%22webmd%22+%22nih%22+alternative+therapies+for+myositis&t=hi&ia=web,4
myositis,pilates,autoimmune,https://duckduckgo.com/?q=%22webmd%22+%22nih%22+alternative+therapies+for+myositis&t=hi&ia=web,4
myositis,massage,autoimmune,https://duckduckgo.com/?q=%22webmd%22+%22nih%22+alternative+therapies+for+myositis&t=hi&ia=web,4
myositis,pilates,autoimmune,https://duckduckgo.com/?q=%22webmd%22+%22nih%22+alternative+therapies+for+myositis&t=hi&ia=web,4
myositis,massage,autoimmune,https://duckduckgo.com/?q=%22webmd%22+%22nih%22+alternative+therapies+for+myositis&t=hi&ia=web,4
nasopharyngeal cancer,wine,cancers,https://scinapse.io/papers/2583985347,1
nasopharyngeal cancer,water,cancers,https://scinapse.io/papers/2298698443,1
nasopharyngeal cancer,vegetables,cancers,https://scinapse.io/papers/765316295,1
nasopharyngeal cancer,resveratrol,cancers,https://scinapse.io/papers/2062190575,1
neuroendocrine tumor,milk thistle,cancers,https://duckduckgo.com/?q=%22webmd%22+%22nih%22+food+and+drinks+for+neuroendocrine+tumor&t=hi&ia=web,2
neuroendocrine tumor,milk,cancers,https://duckduckgo.com/?q=%22webmd%22+%22nih%22+food+and+drinks+for+neuroendocrine+tumor&t=hi&ia=web,2
neuroendocrine tumor,milk thistle,cancers,https://duckduckgo.com/?q=%22webmd%22+%22nih%22+food+and+drinks+for+neuroendocrine+tumor&t=hi&ia=web,2
neuroendocrine tumor,milk,cancers,https://duckduckgo.com/?q=%22webmd%22+%22nih%22+food+and+drinks+for+neuroendocrine+tumor&t=hi&ia=web,2
neuroendocrine tumor,milk thistle,cancers,https://duckduckgo.com/?q=%22webmd%22+%22nih%22+food+and+drinks+for+neuroendocrine+tumor&t=hi&ia=web,2
neuroendocrine tumor,milk,cancers,https://duckduckgo.com/?q=%22webmd%22+%22nih%22+food+and+drinks+for+neuroendocrine+tumor&t=hi&ia=web,2
neuromyelitis optica,vitamin d,autoimmune,https://scinapse.io/papers/1608139713,3
neuromyelitis optica,vitamin d,autoimmune,https://scinapse.io/papers/1608139713,3
neuromyelitis optica,vitamin d,autoimmune,https://scinapse.io/papers/1608139713,3
neuromyelitis optica,vitamin d,autoimmune,https://scinapse.io/papers/2768717618,3
neuromyelitis optica,vitamin d,autoimmune,https://scinapse.io/papers/2768717618,3
neuromyelitis optica,vitamin d,autoimmune,https://scinapse.io/papers/2768717618,3
neuromyelitis optica,cannabis,autoimmune,http://www.thctotalhealthcare.com/tag/alcohol/,5
neuromyelitis optica,marijuana,autoimmune,http://www.thctotalhealthcare.com/tag/alcohol/,5
neuromyelitis optica,alcoholic beverages,autoimmune,http://www.thctotalhealthcare.com/tag/alcohol/,5
neuromyelitis optica,beverages,autoimmune,http://www.thctotalhealthcare.com/tag/alcohol/,5
neuromyelitis optica,seeds,autoimmune,http://www.thctotalhealthcare.com/tag/alcohol/,5
