abdominal adhesions,alpha-lipoic acid,digestive disorders,https://scinapse.io/papers/2507373052,1
abdominal adhesions,fish,digestive disorders,https://scinapse.io/papers/2093492347,1
abdominal adhesions,vitamin a,digestive disorders,https://scinapse.io/papers/2122017924,2
abdominal adhesions,vitamin a,digestive disorders,https://scinapse.io/papers/2122017924,2
abdominal adhesions,acupuncture,digestive disorders,https://scinapse.io/papers/2157635087,3
abdominal adhesions,acupuncture,digestive disorders,https://scinapse.io/papers/2157635087,3
abdominal adhesions,acupuncture,digestive disorders,https://scinapse.io/papers/2157635087,3
abdominal adhesions,hypnosis,digestive disorders,https://scinapse.io/papers/1977273549,1
acid reflux (ger & gerd) ,taurine,digestive disorders,https://scinapse.io/papers/2031483802,2
acid reflux (ger & gerd) ,juice,digestive disorders,https://scinapse.io/papers/2031483802,2
acid reflux (ger & gerd) ,lactobacillus,digestive disorders,https://scinapse.io/papers/2026544820,1
acid reflux (ger & gerd) ,taurine,digestive disorders,https://scinapse.io/papers/2031483802,2
acid reflux (ger & gerd) ,juice,digestive disorders,https://scinapse.io/papers/2031483802,2
acute motor axonal neuropathy,nerve root,autoimmune,https://scinapse.io/papers/2899304134,1
acute motor axonal neuropathy,nerve root,autoimmune,https://scinapse.io/papers/2806995239,2
acute motor axonal neuropathy,magnetic,autoimmune,https://scinapse.io/papers/2806995239,2
acute motor axonal neuropathy,water,autoimmune,https://scinapse.io/papers/2046336469,1
acute motor axonal neuropathy,poultry,autoimmune,https://scinapse.io/papers/1980394992,1
addison's disease,vitamin d,autoimmune,https://scinapse.io/papers/2124962758,3
addison's disease,vitamin d,autoimmune,https://scinapse.io/papers/2124962758,3
addison's disease,vitamin d,autoimmune,https://scinapse.io/papers/2124962758,3
addison's disease,vitamin d,autoimmune,https://scinapse.io/papers/2570746747,3
addison's disease,vitamin d,autoimmune,https://scinapse.io/papers/2570746747,3
addison's disease,vitamin d,autoimmune,https://scinapse.io/papers/2570746747,3
addison's disease,same,autoimmune,https://scinapse.io/papers/2126726883,1
adrenal cancer,vitamin d,endocrine disorders,https://scinapse.io/papers/2051525027,3
adrenal cancer,vitamin d,endocrine disorders,https://scinapse.io/papers/2051525027,3
adrenal cancer,vitamin d,endocrine disorders,https://scinapse.io/papers/2051525027,3
adrenal cancer,coffee,endocrine disorders,https://scinapse.io/papers/2734939770,1
adrenal cancer,water,endocrine disorders,https://scinapse.io/papers/2298698443,1
adrenal cancer,same,endocrine disorders,https://scinapse.io/papers/2126726883,1
adrenal cancer,flaxseed,endocrine disorders,https://scinapse.io/papers/2607992798,1
adrenal disorders,ginkgo,endocrine disorders,https://scinapse.io/papers/2103072077,3
adrenal disorders,meditation,endocrine disorders,https://scinapse.io/papers/2103072077,3
adrenal disorders,meditation,endocrine disorders,https://scinapse.io/papers/2103072077,3
adrenal disorders,fish oil,endocrine disorders,https://scinapse.io/papers/1541748994,7
adrenal disorders,fish oil,endocrine disorders,https://scinapse.io/papers/1541748994,7
adrenal disorders,fish oil,endocrine disorders,https://scinapse.io/papers/1541748994,7
adrenal disorders,fish oil,endocrine disorders,https://scinapse.io/papers/1541748994,7
adrenal disorders,fish,endocrine disorders,https://scinapse.io/papers/1541748994,7
adrenal disorders,fish oil,endocrine disorders,https://scinapse.io/papers/1541748994,7
adrenal disorders,oil,endocrine disorders,https://scinapse.io/papers/1541748994,7
adrenal disorders,vitamin d,endocrine disorders,https://scinapse.io/papers/2051525027,3
adrenal disorders,vitamin d,endocrine disorders,https://scinapse.io/papers/2051525027,3
adrenal disorders,vitamin d,endocrine disorders,https://scinapse.io/papers/2051525027,3
adrenal disorders,flaxseed,endocrine disorders,https://scinapse.io/papers/2607992798,1
adrenal disorders,curcumin,endocrine disorders,https://scinapse.io/papers/2128526467,1
adrenal fatigue,dhea,endocrine disorders,https://scinapse.io/papers/2519033010,1
adrenal fatigue,caffeine,endocrine disorders,https://scinapse.io/papers/2311604960,1
adrenal fatigue,caffeine,endocrine disorders,https://scinapse.io/papers/1986219583,1
